GAME_ID,EVENTNUM,EVENTMSGTYPE,EVENTMSGACTIONTYPE,PERIOD,WCTIMESTRING,PCTIMESTRING,HOMEDESCRIPTION,NEUTRALDESCRIPTION,VISITORDESCRIPTION,SCORE,SCOREMARGIN,PERSON1TYPE,PLAYER1_ID,PLAYER1_NAME,PLAYER1_TEAM_ID,PLAYER1_TEAM_CITY,PLAYER1_TEAM_NICKNAME,PLAYER1_TEAM_ABBREVIATION,PERSON2TYPE,PLAYER2_ID,PLAYER2_NAME,PLAYER2_TEAM_ID,PLAYER2_TEAM_CITY,PLAYER2_TEAM_NICKNAME,PLAYER2_TEAM_ABBREVIATION,PERSON3TYPE,PLAYER3_ID,PLAYER3_NAME,PLAYER3_TEAM_ID,PLAYER3_TEAM_CITY,PLAYER3_TEAM_NICKNAME,PLAYER3_TEAM_ABBREVIATION
0041800403,2,12,0,1,9:11 PM,12:00,,,,,,0,0,,,,,,0,0,,,,,,0,0,,,,,
0041800403,4,10,0,1,9:11 PM,12:00,Jump Ball Cousins vs. Gasol: Tip to Livingston,,,,,4,202326,DeMarcus Cousins,1610612744,Golden State,Warriors,GSW,5,201188,Marc Gasol,1610612761,Toronto,Raptors,TOR,4,2733,Shaun Livingston,1610612744,Golden State,Warriors,GSW
0041800403,7,2,1,1,9:12 PM,11:45,MISS Curry 26' 3PT Jump Shot,,,,,4,201939,Stephen Curry,1610612744,Golden State,Warriors,GSW,0,0,,,,,,0,0,,,,,
0041800403,8,4,0,1,9:12 PM,11:43,,,Siakam REBOUND (Off:0 Def:1),,,5,1627783,Pascal Siakam,1610612761,Toronto,Raptors,TOR,0,0,,,,,,0,0,,,,,
0041800403,9,6,2,1,9:12 PM,11:36,Livingston S.FOUL (P1.T1) (D.Guthrie),,,,,4,2733,Shaun Livingston,1610612744,Golden State,Warriors,GSW,5,200768,Kyle Lowry,1610612761,Toronto,Raptors,TOR,1,0,,,,,
0041800403,11,3,11,1,9:12 PM,11:36,,,Lowry Free Throw 1 of 2 (1 PTS),1 - 0,-1,5,200768,Kyle Lowry,1610612761,Toronto,Raptors,TOR,0,0,,,,,,0,0,,,,,
0041800403,12,3,12,1,9:12 PM,11:36,,,Lowry Free Throw 2 of 2 (2 PTS),2 - 0,-2,5,200768,Kyle Lowry,1610612761,Toronto,Raptors,TOR,0,0,,,,,,0,0,,,,,
0041800403,13,2,1,1,9:13 PM,11:22,MISS Green 25' 3PT Jump Shot,,,,,4,203110,Draymond Green,1610612744,Golden State,Warriors,GSW,0,0,,,,,,0,0,,,,,
0041800403,14,4,0,1,9:13 PM,11:20,Curry REBOUND (Off:1 Def:0),,,,,4,201939,Stephen Curry,1610612744,Golden State,Warriors,GSW,0,0,,,,,,0,0,,,,,
0041800403,15,1,63,1,9:13 PM,11:16,Curry 16' Fadeaway Jumper (2 PTS) (Livingston 1 AST),,,2 - 2,TIE,4,201939,Stephen Curry,1610612744,Golden State,Warriors,GSW,4,2733,Shaun Livingston,1610612744,Golden State,Warriors,GSW,0,0,,,,,
0041800403,17,6,1,1,9:13 PM,11:03,Curry P.FOUL (P1.T2) (D.Guthrie),,,,,4,201939,Stephen Curry,1610612744,Golden State,Warriors,GSW,5,201980,Danny Green,1610612761,Toronto,Raptors,TOR,1,0,,,,,
0041800403,20,6,2,1,9:14 PM,10:50,Cousins S.FOUL (P1.T3) (D.Guthrie),,,,,4,202326,DeMarcus Cousins,1610612744,Golden State,Warriors,GSW,5,201188,Marc Gasol,1610612761,Toronto,Raptors,TOR,1,0,,,,,
0041800403,22,3,11,1,9:14 PM,10:50,,,Gasol Free Throw 1 of 2 (1 PTS),3 - 2,-1,5,201188,Marc Gasol,1610612761,Toronto,Raptors,TOR,0,0,,,,,,0,0,,,,,
0041800403,23,3,12,1,9:14 PM,10:50,,,Gasol Free Throw 2 of 2 (2 PTS),4 - 2,-2,5,201188,Marc Gasol,1610612761,Toronto,Raptors,TOR,0,0,,,,,,0,0,,,,,
0041800403,24,1,103,1,9:14 PM,10:42,Curry 30' 3PT Running Pull-Up Jump Shot (5 PTS),,,4 - 5,1,4,201939,Stephen Curry,1610612744,Golden State,Warriors,GSW,0,0,,,,,,0,0,,,,,
0041800403,25,1,3,1,9:15 PM,10:25,,,Siakam 10' Hook Shot (2 PTS),6 - 5,-1,5,1627783,Pascal Siakam,1610612761,Toronto,Raptors,TOR,0,0,,,,,,0,0,,,,,
0041800403,26,2,1,1,9:15 PM,10:13,MISS Iguodala 28' 3PT Jump Shot,,,,,4,2738,Andre Iguodala,1610612744,Golden State,Warriors,GSW,0,0,,,,,,0,0,,,,,
0041800403,27,4,0,1,9:15 PM,10:11,,,Green REBOUND (Off:0 Def:1),,,5,201980,Danny Green,1610612761,Toronto,Raptors,TOR,0,0,,,,,,0,0,,,,,
0041800403,28,2,1,1,9:15 PM,10:04,,,MISS Gasol 29' 3PT Jump Shot,,,5,201188,Marc Gasol,1610612761,Toronto,Raptors,TOR,0,0,,,,,,0,0,,,,,
0041800403,29,4,0,1,9:15 PM,10:02,Curry REBOUND (Off:1 Def:1),,,,,4,201939,Stephen Curry,1610612744,Golden State,Warriors,GSW,0,0,,,,,,0,0,,,,,
0041800403,30,2,76,1,9:15 PM,9:56,MISS Curry 5' Running Finger Roll Layup,,,,,4,201939,Stephen Curry,1610612744,Golden State,Warriors,GSW,0,0,,,,,,0,0,,,,,
0041800403,31,4,0,1,9:15 PM,9:55,,,Green REBOUND (Off:0 Def:2),,,5,201980,Danny Green,1610612761,Toronto,Raptors,TOR,0,0,,,,,,0,0,,,,,
0041800403,32,1,79,1,9:15 PM,9:42,,,Green  3PT Pullup Jump Shot (3 PTS) (Lowry 1 AST),9 - 5,-4,5,201980,Danny Green,1610612761,Toronto,Raptors,TOR,5,200768,Kyle Lowry,1610612761,Toronto,Raptors,TOR,0,0,,,,,
0041800403,34,6,2,1,9:16 PM,9:29,,,Gasol S.FOUL (P1.T1) (D.Guthrie),,,5,201188,Marc Gasol,1610612761,Toronto,Raptors,TOR,4,202326,DeMarcus Cousins,1610612744,Golden State,Warriors,GSW,1,0,,,,,
0041800403,36,3,13,1,9:16 PM,9:29,Cousins Free Throw 1 of 3 (1 PTS),,,9 - 6,-3,4,202326,DeMarcus Cousins,1610612744,Golden State,Warriors,GSW,0,0,,,,,,0,0,,,,,
0041800403,37,3,14,1,9:16 PM,9:29,Cousins Free Throw 2 of 3 (2 PTS),,,9 - 7,-2,4,202326,DeMarcus Cousins,1610612744,Golden State,Warriors,GSW,0,0,,,,,,0,0,,,,,
0041800403,38,3,15,1,9:16 PM,9:29,MISS Cousins Free Throw 3 of 3,,,,,4,202326,DeMarcus Cousins,1610612744,Golden State,Warriors,GSW,0,0,,,,,,0,0,,,,,
0041800403,39,4,0,1,9:16 PM,9:27,,,Leonard REBOUND (Off:0 Def:1),,,5,202695,Kawhi Leonard,1610612761,Toronto,Raptors,TOR,0,0,,,,,,0,0,,,,,
0041800403,40,1,3,1,9:17 PM,9:08,,,Gasol 7' Hook Shot (4 PTS),11 - 7,-4,5,201188,Marc Gasol,1610612761,Toronto,Raptors,TOR,0,0,,,,,,0,0,,,,,
0041800403,41,5,2,1,9:17 PM,8:51,Cousins Lost Ball Turnover (P1.T1),,Green STEAL (1 STL),,,4,202326,DeMarcus Cousins,1610612744,Golden State,Warriors,GSW,5,201980,Danny Green,1610612761,Toronto,Raptors,TOR,0,0,,,,,
0041800403,45,2,79,1,9:18 PM,8:28,,,MISS Leonard 11' Pullup Jump Shot,,,5,202695,Kawhi Leonard,1610612761,Toronto,Raptors,TOR,0,0,,,,,,0,0,,,,,
0041800403,46,4,0,1,9:18 PM,8:27,,,Siakam REBOUND (Off:1 Def:1),,,5,1627783,Pascal Siakam,1610612761,Toronto,Raptors,TOR,0,0,,,,,,0,0,,,,,
0041800403,47,1,1,1,9:18 PM,8:22,,,Leonard 12' Jump Shot (2 PTS) (Siakam 1 AST),13 - 7,-6,5,202695,Kawhi Leonard,1610612761,Toronto,Raptors,TOR,5,1627783,Pascal Siakam,1610612761,Toronto,Raptors,TOR,0,0,,,,,
0041800403,49,2,1,1,9:18 PM,8:13,MISS Green  3PT Jump Shot,,,,,4,203110,Draymond Green,1610612744,Golden State,Warriors,GSW,0,0,,,,,,0,0,,,,,
0041800403,50,4,0,1,9:18 PM,8:11,,,Gasol REBOUND (Off:0 Def:1),,,5,201188,Marc Gasol,1610612761,Toronto,Raptors,TOR,0,0,,,,,,0,0,,,,,
0041800403,51,2,103,1,9:18 PM,8:07,,,MISS Lowry 28' 3PT Running Pull-Up Jump Shot,,,5,200768,Kyle Lowry,1610612761,Toronto,Raptors,TOR,0,0,,,,,,0,0,,,,,
0041800403,52,4,0,1,9:18 PM,8:05,Cousins REBOUND (Off:0 Def:1),,,,,4,202326,DeMarcus Cousins,1610612744,Golden State,Warriors,GSW,0,0,,,,,,0,0,,,,,
0041800403,53,2,1,1,9:19 PM,7:53,MISS Livingston 13' Jump Shot,,,,,4,2733,Shaun Livingston,1610612744,Golden State,Warriors,GSW,0,0,,,,,,0,0,,,,,
0041800403,54,4,0,1,9:19 PM,7:52,,,Green REBOUND (Off:0 Def:3),,,5,201980,Danny Green,1610612761,Toronto,Raptors,TOR,0,0,,,,,,0,0,,,,,
0041800403,55,1,47,1,9:19 PM,7:37,,,Siakam 5' Turnaround Jump Shot (4 PTS),15 - 7,-8,5,1627783,Pascal Siakam,1610612761,Toronto,Raptors,TOR,0,0,,,,,,0,0,,,,,
0041800403,56,9,1,1,9:19 PM,7:37,WARRIORS Timeout: Regular (Full 1 Short 0),,,,,2,1610612744,,,,,,0,0,,,,,,0,0,,,,,
0041800403,57,2,1,1,9:23 PM,7:18,MISS Cousins 27' 3PT Jump Shot,,,,,4,202326,DeMarcus Cousins,1610612744,Golden State,Warriors,GSW,0,0,,,,,,0,0,,,,,
0041800403,58,4,0,1,9:23 PM,7:16,,,Raptors Rebound,,,3,1610612761,,,,,,0,0,,,,,,0,0,,,,,
0041800403,60,1,80,1,9:24 PM,6:53,,,Siakam 20' Step Back Jump Shot (6 PTS),17 - 7,-10,5,1627783,Pascal Siakam,1610612761,Toronto,Raptors,TOR,0,0,,,,,,0,0,,,,,
0041800403,61,1,75,1,9:24 PM,6:38,Curry 2' Driving Finger Roll Layup (7 PTS),,,17 - 9,-8,4,201939,Stephen Curry,1610612744,Golden State,Warriors,GSW,0,0,,,,,,0,0,,,,,
0041800403,62,1,98,1,9:24 PM,6:16,,,Gasol 3' Cutting Layup Shot (6 PTS) (Siakam 2 AST),19 - 9,-10,5,201188,Marc Gasol,1610612761,Toronto,Raptors,TOR,5,1627783,Pascal Siakam,1610612761,Toronto,Raptors,TOR,0,0,,,,,
0041800403,64,1,79,1,9:25 PM,6:07,Curry 26' 3PT Pullup Jump Shot (10 PTS) (Green 1 AST),,,19 - 12,-7,4,201939,Stephen Curry,1610612744,Golden State,Warriors,GSW,4,203110,Draymond Green,1610612744,Golden State,Warriors,GSW,0,0,,,,,
0041800403,66,2,1,1,9:25 PM,5:51,,,MISS Gasol 27' 3PT Jump Shot,,,5,201188,Marc Gasol,1610612761,Toronto,Raptors,TOR,0,0,,,,,,0,0,,,,,
0041800403,67,4,0,1,9:25 PM,5:48,Curry REBOUND (Off:1 Def:2),,,,,4,201939,Stephen Curry,1610612744,Golden State,Warriors,GSW,0,0,,,,,,0,0,,,,,
0041800403,68,2,79,1,9:25 PM,5:45,MISS Curry 29' 3PT Pullup Jump Shot,,,,,4,201939,Stephen Curry,1610612744,Golden State,Warriors,GSW,0,0,,,,,,0,0,,,,,
0041800403,69,4,0,1,9:25 PM,5:42,,,Raptors Rebound,,,3,1610612761,,,,,,0,0,,,,,,0,0,,,,,
0041800403,71,8,0,1,9:25 PM,5:42,SUB: Cook FOR Cousins,,,,,4,202326,DeMarcus Cousins,1610612744,Golden State,Warriors,GSW,4,1626188,Quinn Cook,1610612744,Golden State,Warriors,GSW,0,0,,,,,
0041800403,72,8,0,1,9:25 PM,5:42,SUB: Bogut FOR Livingston,,,,,4,2733,Shaun Livingston,1610612744,Golden State,Warriors,GSW,4,101106,Andrew Bogut,1610612744,Golden State,Warriors,GSW,0,0,,,,,
0041800403,76,5,45,1,9:26 PM,5:34,,,Lowry Out of Bounds - Bad Pass Turnover Turnover (P1.T1),,,5,200768,Kyle Lowry,1610612761,Toronto,Raptors,TOR,0,0,,,,,,1,0,,,,,
0041800403,77,2,1,1,9:26 PM,5:23,MISS Cook  3PT Jump Shot,,,,,4,1626188,Quinn Cook,1610612744,Golden State,Warriors,GSW,0,0,,,,,,0,0,,,,,
0041800403,78,4,0,1,9:26 PM,5:21,Bogut REBOUND (Off:1 Def:0),,,,,4,101106,Andrew Bogut,1610612744,Golden State,Warriors,GSW,0,0,,,,,,0,0,,,,,
0041800403,79,1,79,1,9:26 PM,5:18,Curry 16' Pullup Jump Shot (12 PTS) (Bogut 1 AST),,,19 - 14,-5,4,201939,Stephen Curry,1610612744,Golden State,Warriors,GSW,4,101106,Andrew Bogut,1610612744,Golden State,Warriors,GSW,0,0,,,,,
0041800403,81,1,47,1,9:26 PM,5:09,,,Lowry 20' Turnaround Jump Shot (4 PTS),21 - 14,-7,5,200768,Kyle Lowry,1610612761,Toronto,Raptors,TOR,0,0,,,,,,0,0,,,,,
0041800403,82,2,80,1,9:27 PM,4:52,MISS Curry  3PT Step Back Jump Shot,,,,,4,201939,Stephen Curry,1610612744,Golden State,Warriors,GSW,0,0,,,,,,0,0,,,,,
0041800403,83,4,0,1,9:27 PM,4:50,,,Leonard REBOUND (Off:0 Def:2),,,5,202695,Kawhi Leonard,1610612761,Toronto,Raptors,TOR,0,0,,,,,,0,0,,,,,
0041800403,84,1,1,1,9:27 PM,4:43,,,Green  3PT Jump Shot (6 PTS) (Leonard 1 AST),24 - 14,-10,5,201980,Danny Green,1610612761,Toronto,Raptors,TOR,5,202695,Kawhi Leonard,1610612761,Toronto,Raptors,TOR,0,0,,,,,
0041800403,86,6,1,1,9:27 PM,4:24,,,Green P.FOUL (P1.T2) (M.Davis),,,5,201980,Danny Green,1610612761,Toronto,Raptors,TOR,4,201939,Stephen Curry,1610612744,Golden State,Warriors,GSW,1,0,,,,,
0041800403,88,8,0,1,9:27 PM,4:24,SUB: McKinnie FOR Iguodala,,,,,4,2738,Andre Iguodala,1610612744,Golden State,Warriors,GSW,4,1628035,Alfonzo McKinnie,1610612744,Golden State,Warriors,GSW,0,0,,,,,
0041800403,89,8,0,1,9:27 PM,4:24,,,SUB: VanVleet FOR Green,,,5,201980,Danny Green,1610612761,Toronto,Raptors,TOR,5,1627832,Fred VanVleet,1610612761,Toronto,Raptors,TOR,0,0,,,,,
0041800403,92,1,98,1,9:28 PM,4:14,Bogut 2' Cutting Layup Shot (2 PTS) (Curry 1 AST),,,24 - 16,-8,4,101106,Andrew Bogut,1610612744,Golden State,Warriors,GSW,4,201939,Stephen Curry,1610612744,Golden State,Warriors,GSW,0,0,,,,,
0041800403,94,6,1,1,9:28 PM,4:08,Bogut P.FOUL (P1.T4) (M.Davis),,,,,4,101106,Andrew Bogut,1610612744,Golden State,Warriors,GSW,5,200768,Kyle Lowry,1610612761,Toronto,Raptors,TOR,1,0,,,,,
0041800403,96,1,108,1,9:29 PM,4:00,,,Gasol 4' Cutting Dunk Shot (8 PTS) (Leonard 2 AST),26 - 16,-10,5,201188,Marc Gasol,1610612761,Toronto,Raptors,TOR,5,202695,Kawhi Leonard,1610612761,Toronto,Raptors,TOR,0,0,,,,,
0041800403,98,5,45,1,9:29 PM,3:45,Curry Out of Bounds - Bad Pass Turnover Turnover (P1.T2),,,,,4,201939,Stephen Curry,1610612744,Golden State,Warriors,GSW,0,0,,,,,,1,0,,,,,
0041800403,99,2,47,1,9:29 PM,3:28,,,MISS Gasol 12' Turnaround Jump Shot,,,5,201188,Marc Gasol,1610612761,Toronto,Raptors,TOR,0,0,,,,,,0,0,,,,,
0041800403,100,4,0,1,9:29 PM,3:26,,,Raptors Rebound,,,3,1610612761,,,,,,0,0,,,,,,0,0,,,,,
0041800403,102,2,1,1,9:30 PM,3:25,,,MISS Siakam  3PT Jump Shot,,,5,1627783,Pascal Siakam,1610612761,Toronto,Raptors,TOR,0,0,,,,,,0,0,,,,,
0041800403,103,4,0,1,9:30 PM,3:23,Bogut REBOUND (Off:1 Def:1),,,,,4,101106,Andrew Bogut,1610612744,Golden State,Warriors,GSW,0,0,,,,,,0,0,,,,,
0041800403,104,5,45,1,9:30 PM,3:17,Green Out of Bounds - Bad Pass Turnover Turnover (P1.T3),,,,,4,203110,Draymond Green,1610612744,Golden State,Warriors,GSW,0,0,,,,,,1,0,,,,,
0041800403,105,2,63,1,9:30 PM,2:54,,,MISS Gasol 10' Fadeaway Jumper,,,5,201188,Marc Gasol,1610612761,Toronto,Raptors,TOR,0,0,,,,,,0,0,,,,,
0041800403,106,4,0,1,9:30 PM,2:53,Curry REBOUND (Off:1 Def:3),,,,,4,201939,Stephen Curry,1610612744,Golden State,Warriors,GSW,0,0,,,,,,0,0,,,,,
0041800403,117,5,1,1,9:31 PM,2:38,McKinnie Bad Pass Turnover (P1.T4),,VanVleet STEAL (1 STL),,,4,1628035,Alfonzo McKinnie,1610612744,Golden State,Warriors,GSW,5,1627832,Fred VanVleet,1610612761,Toronto,Raptors,TOR,0,0,,,,,
0041800403,110,2,101,1,9:31 PM,2:35,,,MISS Siakam 10' Driving Floating Jump Shot,,,5,1627783,Pascal Siakam,1610612761,Toronto,Raptors,TOR,0,0,,,,,,0,0,,,,,
0041800403,111,4,0,1,9:31 PM,2:34,Curry REBOUND (Off:1 Def:4),,,,,4,201939,Stephen Curry,1610612744,Golden State,Warriors,GSW,0,0,,,,,,0,0,,,,,
0041800403,112,2,1,1,9:31 PM,2:22,MISS Curry 28' 3PT Jump Shot,,,,,4,201939,Stephen Curry,1610612744,Golden State,Warriors,GSW,0,0,,,,,,0,0,,,,,
0041800403,113,4,0,1,9:31 PM,2:20,,,Leonard REBOUND (Off:0 Def:3),,,5,202695,Kawhi Leonard,1610612761,Toronto,Raptors,TOR,0,0,,,,,,0,0,,,,,
0041800403,114,6,2,1,9:31 PM,2:13,Cook S.FOUL (P1.PN) (D.Guthrie),,,,,4,1626188,Quinn Cook,1610612744,Golden State,Warriors,GSW,5,202695,Kawhi Leonard,1610612761,Toronto,Raptors,TOR,1,0,,,,,
0041800403,116,9,1,1,9:31 PM,2:13,,,Raptors Timeout: Regular (Reg.1 Short 0),,,3,1610612761,,,,,,0,0,,,,,,0,0,,,,,
0041800403,119,8,0,1,9:34 PM,2:13,,,SUB: Ibaka FOR Lowry,,,5,200768,Kyle Lowry,1610612761,Toronto,Raptors,TOR,5,201586,Serge Ibaka,1610612761,Toronto,Raptors,TOR,0,0,,,,,
0041800403,120,8,0,1,9:34 PM,2:13,,,SUB: Green FOR Gasol,,,5,201188,Marc Gasol,1610612761,Toronto,Raptors,TOR,5,201980,Danny Green,1610612761,Toronto,Raptors,TOR,0,0,,,,,
0041800403,121,8,0,1,9:34 PM,2:13,,,SUB: McCaw FOR Siakam,,,5,1627783,Pascal Siakam,1610612761,Toronto,Raptors,TOR,5,1627775,Patrick McCaw,1610612761,Toronto,Raptors,TOR,0,0,,,,,
0041800403,125,3,11,1,9:35 PM,2:13,,,Leonard Free Throw 1 of 2 (3 PTS),27 - 16,-11,5,202695,Kawhi Leonard,1610612761,Toronto,Raptors,TOR,0,0,,,,,,0,0,,,,,
0041800403,126,3,12,1,9:35 PM,2:13,,,Leonard Free Throw 2 of 2 (4 PTS),28 - 16,-12,5,202695,Kawhi Leonard,1610612761,Toronto,Raptors,TOR,0,0,,,,,,0,0,,,,,
0041800403,127,1,1,1,9:36 PM,1:53,McKinnie  3PT Jump Shot (3 PTS) (Curry 2 AST),,,28 - 19,-9,4,1628035,Alfonzo McKinnie,1610612744,Golden State,Warriors,GSW,4,201939,Stephen Curry,1610612744,Golden State,Warriors,GSW,0,0,,,,,
0041800403,129,2,6,1,9:36 PM,1:37,,,MISS Leonard 1' Driving Layup,,,5,202695,Kawhi Leonard,1610612761,Toronto,Raptors,TOR,0,0,,,,,,0,0,,,,,
0041800403,130,4,0,1,9:36 PM,1:36,Curry REBOUND (Off:1 Def:5),,,,,4,201939,Stephen Curry,1610612744,Golden State,Warriors,GSW,0,0,,,,,,0,0,,,,,
0041800403,131,1,41,1,9:36 PM,1:32,Cook 1' Running Layup (2 PTS) (Curry 3 AST),,,28 - 21,-7,4,1626188,Quinn Cook,1610612744,Golden State,Warriors,GSW,4,201939,Stephen Curry,1610612744,Golden State,Warriors,GSW,0,0,,,,,
0041800403,133,6,2,1,9:36 PM,1:16,Bogut S.FOUL (P2.PN) (M.Davis),,,,,4,101106,Andrew Bogut,1610612744,Golden State,Warriors,GSW,5,202695,Kawhi Leonard,1610612761,Toronto,Raptors,TOR,1,0,,,,,
0041800403,135,3,11,1,9:37 PM,1:16,,,Leonard Free Throw 1 of 2 (5 PTS),29 - 21,-8,5,202695,Kawhi Leonard,1610612761,Toronto,Raptors,TOR,0,0,,,,,,0,0,,,,,
0041800403,136,3,12,1,9:37 PM,1:16,,,Leonard Free Throw 2 of 2 (6 PTS),30 - 21,-9,5,202695,Kawhi Leonard,1610612761,Toronto,Raptors,TOR,0,0,,,,,,0,0,,,,,
0041800403,137,6,2,1,9:37 PM,1:08,,,VanVleet S.FOUL (P1.T3) (M.Davis),,,5,1627832,Fred VanVleet,1610612761,Toronto,Raptors,TOR,4,201939,Stephen Curry,1610612744,Golden State,Warriors,GSW,1,0,,,,,
0041800403,139,3,11,1,9:38 PM,1:08,Curry Free Throw 1 of 2 (13 PTS),,,30 - 22,-8,4,201939,Stephen Curry,1610612744,Golden State,Warriors,GSW,0,0,,,,,,0,0,,,,,
0041800403,140,8,0,1,9:38 PM,1:08,SUB: Bell FOR Bogut,,,,,4,101106,Andrew Bogut,1610612744,Golden State,Warriors,GSW,4,1628395,Jordan Bell,1610612744,Golden State,Warriors,GSW,0,0,,,,,
0041800403,142,3,12,1,9:38 PM,1:08,Curry Free Throw 2 of 2 (14 PTS),,,30 - 23,-7,4,201939,Stephen Curry,1610612744,Golden State,Warriors,GSW,0,0,,,,,,0,0,,,,,
0041800403,143,1,9,1,9:39 PM,0:55,,,Leonard 2' Driving Dunk (8 PTS),32 - 23,-9,5,202695,Kawhi Leonard,1610612761,Toronto,Raptors,TOR,0,0,,,,,,0,0,,,,,
0041800403,144,6,2,1,9:39 PM,0:55,Bell S.FOUL (P1.PN) (M.Davis),,,,,4,1628395,Jordan Bell,1610612744,Golden State,Warriors,GSW,5,202695,Kawhi Leonard,1610612761,Toronto,Raptors,TOR,1,0,,,,,
0041800403,146,3,10,1,9:39 PM,0:55,,,Leonard Free Throw 1 of 1 (9 PTS),33 - 23,-10,5,202695,Kawhi Leonard,1610612761,Toronto,Raptors,TOR,0,0,,,,,,0,0,,,,,
0041800403,147,1,5,1,9:39 PM,0:44,Green 4' Layup (2 PTS) (McKinnie 1 AST),,,33 - 25,-8,4,203110,Draymond Green,1610612744,Golden State,Warriors,GSW,4,1628035,Alfonzo McKinnie,1610612744,Golden State,Warriors,GSW,0,0,,,,,
0041800403,149,6,2,1,9:39 PM,0:44,,,VanVleet S.FOUL (P2.PN) (M.Davis),,,5,1627832,Fred VanVleet,1610612761,Toronto,Raptors,TOR,4,203110,Draymond Green,1610612744,Golden State,Warriors,GSW,1,0,,,,,
0041800403,151,3,10,1,9:40 PM,0:44,Green Free Throw 1 of 1 (3 PTS),,,33 - 26,-7,4,203110,Draymond Green,1610612744,Golden State,Warriors,GSW,0,0,,,,,,0,0,,,,,
0041800403,152,2,1,1,9:40 PM,0:31,,,MISS Green  3PT Jump Shot,,,5,201980,Danny Green,1610612761,Toronto,Raptors,TOR,0,0,,,,,,0,0,,,,,
0041800403,153,4,0,1,9:40 PM,0:29,Green REBOUND (Off:0 Def:1),,,,,4,203110,Draymond Green,1610612744,Golden State,Warriors,GSW,0,0,,,,,,0,0,,,,,
0041800403,154,1,79,1,9:40 PM,0:14,Curry 31' 3PT Pullup Jump Shot (17 PTS),,,33 - 29,-4,4,201939,Stephen Curry,1610612744,Golden State,Warriors,GSW,0,0,,,,,,0,0,,,,,
0041800403,155,1,1,1,9:40 PM,0:03,,,Green  3PT Jump Shot (9 PTS) (McCaw 1 AST),36 - 29,-7,5,201980,Danny Green,1610612761,Toronto,Raptors,TOR,5,1627775,Patrick McCaw,1610612761,Toronto,Raptors,TOR,0,0,,,,,
0041800403,157,2,103,1,9:41 PM,0:00,MISS Green 44' 3PT Running Pull-Up Jump Shot,,,,,4,203110,Draymond Green,1610612744,Golden State,Warriors,GSW,0,0,,,,,,0,0,,,,,
0041800403,158,4,0,1,9:41 PM,0:00,WARRIORS Rebound,,,,,2,1610612744,,,,,,0,0,,,,,,0,0,,,,,
0041800403,159,13,0,1,9:41 PM,0:00,,,,36 - 29,-7,0,0,,,,,,0,0,,,,,,0,0,,,,,
0041800403,172,12,0,2,9:44 PM,12:00,,,,36 - 29,-7,0,0,,,,,,0,0,,,,,,0,0,,,,,
0041800403,173,1,58,2,9:45 PM,11:39,,,Siakam 7' Turnaround Hook Shot (8 PTS),38 - 29,-9,5,1627783,Pascal Siakam,1610612761,Toronto,Raptors,TOR,0,0,,,,,,0,0,,,,,
0041800403,175,1,44,2,9:45 PM,11:25,Cousins 3' Reverse Layup (4 PTS) (Iguodala 1 AST),,,38 - 31,-7,4,202326,DeMarcus Cousins,1610612744,Golden State,Warriors,GSW,4,2738,Andre Iguodala,1610612744,Golden State,Warriors,GSW,0,0,,,,,
0041800403,177,1,1,2,9:45 PM,11:12,,,VanVleet  3PT Jump Shot (3 PTS) (Lowry 2 AST),41 - 31,-10,5,1627832,Fred VanVleet,1610612761,Toronto,Raptors,TOR,5,200768,Kyle Lowry,1610612761,Toronto,Raptors,TOR,0,0,,,,,
0041800403,180,2,1,2,9:46 PM,10:53,MISS Jerebko 15' Jump Shot,,,,,4,201973,Jonas Jerebko,1610612744,Golden State,Warriors,GSW,0,0,,,,,,0,0,,,,,
0041800403,181,4,0,2,9:46 PM,10:52,WARRIORS Rebound,,,,,2,1610612744,,,,,,0,0,,,,,,0,0,,,,,
0041800403,182,6,3,2,9:46 PM,10:52,,,Ibaka L.B.FOUL (P1.T1) (D.Guthrie),,,5,201586,Serge Ibaka,1610612761,Toronto,Raptors,TOR,4,202326,DeMarcus Cousins,1610612744,Golden State,Warriors,GSW,1,0,,,,,
0041800403,184,6,2,2,9:46 PM,10:45,,,Green S.FOUL (P2.T2) (D.Guthrie),,,5,201980,Danny Green,1610612761,Toronto,Raptors,TOR,4,2733,Shaun Livingston,1610612744,Golden State,Warriors,GSW,1,0,,,,,
0041800403,186,3,11,2,9:47 PM,10:45,Livingston Free Throw 1 of 2 (1 PTS),,,41 - 32,-9,4,2733,Shaun Livingston,1610612744,Golden State,Warriors,GSW,0,0,,,,,,0,0,,,,,
0041800403,187,3,12,2,9:47 PM,10:45,Livingston Free Throw 2 of 2 (2 PTS),,,41 - 33,-8,4,2733,Shaun Livingston,1610612744,Golden State,Warriors,GSW,0,0,,,,,,0,0,,,,,
0041800403,188,6,2,2,9:47 PM,10:34,Jerebko S.FOUL (P1.T1) (M.Davis),,,,,4,201973,Jonas Jerebko,1610612744,Golden State,Warriors,GSW,5,1627783,Pascal Siakam,1610612761,Toronto,Raptors,TOR,1,0,,,,,
0041800403,190,3,11,2,9:48 PM,10:34,,,Siakam Free Throw 1 of 2 (9 PTS),42 - 33,-9,5,1627783,Pascal Siakam,1610612761,Toronto,Raptors,TOR,0,0,,,,,,0,0,,,,,
0041800403,191,3,12,2,9:48 PM,10:34,,,Siakam Free Throw 2 of 2 (10 PTS),43 - 33,-10,5,1627783,Pascal Siakam,1610612761,Toronto,Raptors,TOR,0,0,,,,,,0,0,,,,,
0041800403,192,2,3,2,9:48 PM,10:21,MISS Livingston 10' Hook Shot,,,,,4,2733,Shaun Livingston,1610612744,Golden State,Warriors,GSW,0,0,,,,,,0,0,,,,,
0041800403,193,4,0,2,9:48 PM,10:17,,,Ibaka REBOUND (Off:0 Def:1),,,5,201586,Serge Ibaka,1610612761,Toronto,Raptors,TOR,0,0,,,,,,0,0,,,,,
0041800403,194,2,1,2,9:48 PM,10:12,,,MISS VanVleet  3PT Jump Shot,,,5,1627832,Fred VanVleet,1610612761,Toronto,Raptors,TOR,0,0,,,,,,0,0,,,,,
0041800403,195,4,0,2,9:48 PM,10:10,Iguodala REBOUND (Off:0 Def:1),,,,,4,2738,Andre Iguodala,1610612744,Golden State,Warriors,GSW,0,0,,,,,,0,0,,,,,
0041800403,196,5,45,2,9:49 PM,9:59,Cousins Out of Bounds - Bad Pass Turnover Turnover (P2.T5),,,,,4,202326,DeMarcus Cousins,1610612744,Golden State,Warriors,GSW,0,0,,,,,,1,0,,,,,
0041800403,197,8,0,2,9:49 PM,9:59,,,SUB: Powell FOR VanVleet,,,5,1627832,Fred VanVleet,1610612761,Toronto,Raptors,TOR,5,1626181,Norman Powell,1610612761,Toronto,Raptors,TOR,0,0,,,,,
0041800403,199,1,6,2,9:49 PM,9:42,,,Siakam 3' Driving Layup (12 PTS),45 - 33,-12,5,1627783,Pascal Siakam,1610612761,Toronto,Raptors,TOR,0,0,,,,,,0,0,,,,,
0041800403,200,9,1,2,9:49 PM,9:42,WARRIORS Timeout: Regular (Full 2 Short 0),,,,,2,1610612744,,,,,,0,0,,,,,,0,0,,,,,
0041800403,201,1,80,2,9:53 PM,9:23,Cook 20' Step Back Jump Shot (4 PTS),,,45 - 35,-10,4,1626188,Quinn Cook,1610612744,Golden State,Warriors,GSW,0,0,,,,,,0,0,,,,,
0041800403,202,1,1,2,9:53 PM,9:07,,,Lowry 28' 3PT Jump Shot (7 PTS) (Green 1 AST),48 - 35,-13,5,200768,Kyle Lowry,1610612761,Toronto,Raptors,TOR,5,201980,Danny Green,1610612761,Toronto,Raptors,TOR,0,0,,,,,
0041800403,204,6,17,2,9:54 PM,8:52,,,Raptors T.Foul (Def. 3 Sec Siakam ) (D.Guthrie),,,5,1627783,Pascal Siakam,1610612761,Toronto,Raptors,TOR,0,0,,,,,,1,0,,,,,
0041800403,205,3,16,2,9:54 PM,8:52,Cook Free Throw Technical (5 PTS),,,48 - 36,-12,4,1626188,Quinn Cook,1610612744,Golden State,Warriors,GSW,0,0,,,,,,0,0,,,,,
0041800403,206,8,0,2,9:54 PM,8:52,SUB: Curry FOR Cook,,,,,4,1626188,Quinn Cook,1610612744,Golden State,Warriors,GSW,4,201939,Stephen Curry,1610612744,Golden State,Warriors,GSW,0,0,,,,,
0041800403,207,8,0,2,9:54 PM,8:52,SUB: Green FOR Iguodala,,,,,4,2738,Andre Iguodala,1610612744,Golden State,Warriors,GSW,4,203110,Draymond Green,1610612744,Golden State,Warriors,GSW,0,0,,,,,
0041800403,210,1,108,2,9:55 PM,8:44,Livingston 3' Cutting Dunk Shot (4 PTS) (Cousins 1 AST),,,48 - 38,-10,4,2733,Shaun Livingston,1610612744,Golden State,Warriors,GSW,4,202326,DeMarcus Cousins,1610612744,Golden State,Warriors,GSW,0,0,,,,,
0041800403,212,1,75,2,9:55 PM,8:25,,,Siakam 3' Driving Finger Roll Layup (14 PTS) (Lowry 3 AST),50 - 38,-12,5,1627783,Pascal Siakam,1610612761,Toronto,Raptors,TOR,5,200768,Kyle Lowry,1610612761,Toronto,Raptors,TOR,0,0,,,,,
0041800403,214,2,1,2,9:55 PM,8:15,MISS Jerebko 28' 3PT Jump Shot,,,,,4,201973,Jonas Jerebko,1610612744,Golden State,Warriors,GSW,0,0,,,,,,0,0,,,,,
0041800403,215,4,0,2,9:55 PM,8:13,,,Green REBOUND (Off:0 Def:4),,,5,201980,Danny Green,1610612761,Toronto,Raptors,TOR,0,0,,,,,,0,0,,,,,
0041800403,216,6,4,2,9:55 PM,8:06,,,Green OFF.Foul (P3) (D.Guthrie),,,5,201980,Danny Green,1610612761,Toronto,Raptors,TOR,4,201939,Stephen Curry,1610612744,Golden State,Warriors,GSW,1,0,,,,,
0041800403,218,5,37,2,9:55 PM,8:06,,,Green Offensive Foul Turnover (P1.T2),,,5,201980,Danny Green,1610612761,Toronto,Raptors,TOR,0,0,,,,,,1,0,,,,,
0041800403,219,8,0,2,9:55 PM,8:06,SUB: McKinnie FOR Jerebko,,,,,4,201973,Jonas Jerebko,1610612744,Golden State,Warriors,GSW,4,1628035,Alfonzo McKinnie,1610612744,Golden State,Warriors,GSW,0,0,,,,,
0041800403,220,8,0,2,9:55 PM,8:06,,,SUB: VanVleet FOR Green,,,5,201980,Danny Green,1610612761,Toronto,Raptors,TOR,5,1627832,Fred VanVleet,1610612761,Toronto,Raptors,TOR,0,0,,,,,
0041800403,221,8,0,2,9:55 PM,8:06,,,SUB: Leonard FOR Powell,,,5,1626181,Norman Powell,1610612761,Toronto,Raptors,TOR,5,202695,Kawhi Leonard,1610612761,Toronto,Raptors,TOR,0,0,,,,,
0041800403,225,2,78,2,9:56 PM,7:52,MISS Curry 15' Floating Jump Shot,,,,,4,201939,Stephen Curry,1610612744,Golden State,Warriors,GSW,0,0,,,,,,0,0,,,,,
0041800403,226,4,0,2,9:56 PM,7:51,,,Lowry REBOUND (Off:0 Def:1),,,5,200768,Kyle Lowry,1610612761,Toronto,Raptors,TOR,0,0,,,,,,0,0,,,,,
0041800403,227,6,2,2,9:56 PM,7:42,Green S.FOUL (P1.T2) (D.Guthrie),,,,,4,203110,Draymond Green,1610612744,Golden State,Warriors,GSW,5,201586,Serge Ibaka,1610612761,Toronto,Raptors,TOR,1,0,,,,,
0041800403,229,3,11,2,9:57 PM,7:42,,,Ibaka Free Throw 1 of 2 (1 PTS),51 - 38,-13,5,201586,Serge Ibaka,1610612761,Toronto,Raptors,TOR,0,0,,,,,,0,0,,,,,
0041800403,230,3,12,2,9:57 PM,7:42,,,Ibaka Free Throw 2 of 2 (2 PTS),52 - 38,-14,5,201586,Serge Ibaka,1610612761,Toronto,Raptors,TOR,0,0,,,,,,0,0,,,,,
0041800403,231,2,5,2,9:57 PM,7:28,MISS Cousins 2' Layup,,Ibaka BLOCK (1 BLK),,,4,202326,DeMarcus Cousins,1610612744,Golden State,Warriors,GSW,0,0,,,,,,5,201586,Serge Ibaka,1610612761,Toronto,Raptors,TOR
0041800403,233,4,0,2,9:57 PM,7:26,,,Siakam REBOUND (Off:1 Def:2),,,5,1627783,Pascal Siakam,1610612761,Toronto,Raptors,TOR,0,0,,,,,,0,0,,,,,
0041800403,234,2,1,2,9:57 PM,7:22,,,MISS Siakam  3PT Jump Shot,,,5,1627783,Pascal Siakam,1610612761,Toronto,Raptors,TOR,0,0,,,,,,0,0,,,,,
0041800403,235,4,0,2,9:58 PM,7:18,,,Raptors Rebound,,,3,1610612761,,,,,,0,0,,,,,,0,0,,,,,
0041800403,237,8,0,2,9:58 PM,7:18,,,SUB: Gasol FOR Ibaka,,,5,201586,Serge Ibaka,1610612761,Toronto,Raptors,TOR,5,201188,Marc Gasol,1610612761,Toronto,Raptors,TOR,0,0,,,,,
0041800403,239,2,80,2,9:58 PM,7:03,,,MISS Leonard 19' Step Back Jump Shot,,,5,202695,Kawhi Leonard,1610612761,Toronto,Raptors,TOR,0,0,,,,,,0,0,,,,,
0041800403,240,4,0,2,9:58 PM,7:03,,,Raptors Rebound,,,3,1610612761,,,,,,0,0,,,,,,0,0,,,,,
0041800403,241,5,11,2,9:58 PM,7:03,,,Raptors Turnover: Shot Clock (T#3),,,3,1610612761,,,,,,0,0,,,,,,1,0,,,,,
0041800403,242,8,0,2,9:58 PM,7:03,SUB: Bogut FOR Cousins,,,,,4,202326,DeMarcus Cousins,1610612744,Golden State,Warriors,GSW,4,101106,Andrew Bogut,1610612744,Golden State,Warriors,GSW,0,0,,,,,
0041800403,244,5,1,2,9:59 PM,6:52,Green Bad Pass Turnover (P2.T6),,Lowry STEAL (1 STL),,,4,203110,Draymond Green,1610612744,Golden State,Warriors,GSW,5,200768,Kyle Lowry,1610612761,Toronto,Raptors,TOR,0,0,,,,,
0041800403,246,5,2,2,9:59 PM,6:48,Green STEAL (1 STL),,Lowry Lost Ball Turnover (P2.T4),,,5,200768,Kyle Lowry,1610612761,Toronto,Raptors,TOR,4,203110,Draymond Green,1610612744,Golden State,Warriors,GSW,0,0,,,,,
0041800403,248,5,1,2,9:59 PM,6:31,Curry Bad Pass Turnover (P2.T7),,Leonard STEAL (1 STL),,,4,201939,Stephen Curry,1610612744,Golden State,Warriors,GSW,5,202695,Kawhi Leonard,1610612761,Toronto,Raptors,TOR,0,0,,,,,
0041800403,250,6,26,2,9:59 PM,6:28,,,Leonard Offensive Charge Foul (P1.T3) (K.Fitzgerald),,,5,202695,Kawhi Leonard,1610612761,Toronto,Raptors,TOR,4,203110,Draymond Green,1610612744,Golden State,Warriors,GSW,1,0,,,,,
0041800403,252,5,37,2,9:59 PM,6:28,,,Leonard Offensive Foul Turnover (P1.T5),,,5,202695,Kawhi Leonard,1610612761,Toronto,Raptors,TOR,0,0,,,,,,1,0,,,,,
0041800403,253,9,1,2,9:59 PM,6:28,WARRIORS Timeout: Regular (Full 3 Short 0),,,,,2,1610612744,,,,,,0,0,,,,,,0,0,,,,,
0041800403,254,8,0,2,10:02 PM,6:28,SUB: Iguodala FOR Livingston,,,,,4,2733,Shaun Livingston,1610612744,Golden State,Warriors,GSW,4,2738,Andre Iguodala,1610612744,Golden State,Warriors,GSW,0,0,,,,,
0041800403,256,2,1,2,10:03 PM,6:04,MISS Green 26' 3PT Jump Shot,,,,,4,203110,Draymond Green,1610612744,Golden State,Warriors,GSW,0,0,,,,,,0,0,,,,,
0041800403,258,4,0,2,10:03 PM,6:04,WARRIORS Rebound,,,,,2,1610612744,,,,,,0,0,,,,,,0,0,,,,,
0041800403,257,5,11,2,10:03 PM,6:04,WARRIORS Turnover: Shot Clock (T#8),,,,,2,1610612744,,,,,,0,0,,,,,,1,0,,,,,
0041800403,259,2,1,2,10:04 PM,5:41,,,MISS VanVleet 13' Jump Shot,,,5,1627832,Fred VanVleet,1610612761,Toronto,Raptors,TOR,0,0,,,,,,0,0,,,,,
0041800403,260,4,0,2,10:04 PM,5:38,Green REBOUND (Off:0 Def:2),,,,,4,203110,Draymond Green,1610612744,Golden State,Warriors,GSW,0,0,,,,,,0,0,,,,,
0041800403,261,2,1,2,10:04 PM,5:31,MISS McKinnie  3PT Jump Shot,,,,,4,1628035,Alfonzo McKinnie,1610612744,Golden State,Warriors,GSW,0,0,,,,,,0,0,,,,,
0041800403,262,4,0,2,10:04 PM,5:27,,,VanVleet REBOUND (Off:0 Def:1),,,5,1627832,Fred VanVleet,1610612761,Toronto,Raptors,TOR,0,0,,,,,,0,0,,,,,
0041800403,263,2,1,2,10:04 PM,5:22,,,MISS Lowry 28' 3PT Jump Shot,,,5,200768,Kyle Lowry,1610612761,Toronto,Raptors,TOR,0,0,,,,,,0,0,,,,,
0041800403,264,4,0,2,10:04 PM,5:17,McKinnie REBOUND (Off:0 Def:1),,,,,4,1628035,Alfonzo McKinnie,1610612744,Golden State,Warriors,GSW,0,0,,,,,,0,0,,,,,
0041800403,265,2,1,2,10:04 PM,5:12,MISS Green 7' Jump Shot,,,,,4,203110,Draymond Green,1610612744,Golden State,Warriors,GSW,0,0,,,,,,0,0,,,,,
0041800403,266,4,0,2,10:04 PM,5:08,McKinnie REBOUND (Off:1 Def:1),,,,,4,1628035,Alfonzo McKinnie,1610612744,Golden State,Warriors,GSW,0,0,,,,,,0,0,,,,,
0041800403,267,2,3,2,10:04 PM,5:07,MISS McKinnie 7' Hook Shot,,,,,4,1628035,Alfonzo McKinnie,1610612744,Golden State,Warriors,GSW,0,0,,,,,,0,0,,,,,
0041800403,268,4,0,2,10:04 PM,5:07,Curry REBOUND (Off:2 Def:5),,,,,4,201939,Stephen Curry,1610612744,Golden State,Warriors,GSW,0,0,,,,,,0,0,,,,,
0041800403,269,2,1,2,10:05 PM,5:01,MISS Iguodala 26' 3PT Jump Shot,,,,,4,2738,Andre Iguodala,1610612744,Golden State,Warriors,GSW,0,0,,,,,,0,0,,,,,
0041800403,270,4,0,2,10:05 PM,4:59,,,Raptors Rebound,,,3,1610612761,,,,,,0,0,,,,,,0,0,,,,,
0041800403,271,6,3,2,10:05 PM,4:59,Green L.B.FOUL (P2.T3) (M.Davis),,,,,4,203110,Draymond Green,1610612744,Golden State,Warriors,GSW,5,200768,Kyle Lowry,1610612761,Toronto,Raptors,TOR,1,0,,,,,
0041800403,273,8,0,2,10:05 PM,4:59,SUB: Cook FOR McKinnie,,,,,4,1628035,Alfonzo McKinnie,1610612744,Golden State,Warriors,GSW,4,1626188,Quinn Cook,1610612744,Golden State,Warriors,GSW,0,0,,,,,
0041800403,275,6,1,2,10:05 PM,4:59,Bogut P.FOUL (P3.T4) (M.Davis),,,,,4,101106,Andrew Bogut,1610612744,Golden State,Warriors,GSW,5,201188,Marc Gasol,1610612761,Toronto,Raptors,TOR,1,0,,,,,
0041800403,277,2,1,2,10:06 PM,4:33,,,MISS Siakam 8' Jump Shot,,,5,1627783,Pascal Siakam,1610612761,Toronto,Raptors,TOR,0,0,,,,,,0,0,,,,,
0041800403,278,4,0,2,10:06 PM,4:32,Iguodala REBOUND (Off:0 Def:2),,,,,4,2738,Andre Iguodala,1610612744,Golden State,Warriors,GSW,0,0,,,,,,0,0,,,,,
0041800403,279,6,1,2,10:06 PM,4:32,,,Gasol P.FOUL (P2.T4) (D.Guthrie),,,5,201188,Marc Gasol,1610612761,Toronto,Raptors,TOR,4,2738,Andre Iguodala,1610612744,Golden State,Warriors,GSW,1,0,,,,,
0041800403,281,1,99,2,10:06 PM,4:21,Green 2' Cutting Finger Roll Layup Shot (5 PTS) (Curry 4 AST),,,52 - 40,-12,4,203110,Draymond Green,1610612744,Golden State,Warriors,GSW,4,201939,Stephen Curry,1610612744,Golden State,Warriors,GSW,0,0,,,,,
0041800403,283,9,1,2,10:07 PM,4:20,,,Raptors Timeout: Regular (Reg.2 Short 0),,,3,1610612761,,,,,,0,0,,,,,,0,0,,,,,
0041800403,284,8,0,2,10:08 PM,4:20,,,SUB: Powell FOR VanVleet,,,5,1627832,Fred VanVleet,1610612761,Toronto,Raptors,TOR,5,1626181,Norman Powell,1610612761,Toronto,Raptors,TOR,0,0,,,,,
0041800403,286,2,3,2,10:08 PM,4:02,,,MISS Siakam 9' Hook Shot,,,5,1627783,Pascal Siakam,1610612761,Toronto,Raptors,TOR,0,0,,,,,,0,0,,,,,
0041800403,287,4,0,2,10:08 PM,3:58,Bogut REBOUND (Off:1 Def:2),,,,,4,101106,Andrew Bogut,1610612744,Golden State,Warriors,GSW,0,0,,,,,,0,0,,,,,
0041800403,288,2,101,2,10:09 PM,3:43,MISS Cook 14' Driving Floating Jump Shot,,,,,4,1626188,Quinn Cook,1610612744,Golden State,Warriors,GSW,0,0,,,,,,0,0,,,,,
0041800403,289,4,0,2,10:09 PM,3:40,,,Gasol REBOUND (Off:0 Def:2),,,5,201188,Marc Gasol,1610612761,Toronto,Raptors,TOR,0,0,,,,,,0,0,,,,,
0041800403,290,5,2,2,10:09 PM,3:20,Iguodala STEAL (1 STL),,Leonard Lost Ball Turnover (P2.T6),,,5,202695,Kawhi Leonard,1610612761,Toronto,Raptors,TOR,4,2738,Andre Iguodala,1610612744,Golden State,Warriors,GSW,0,0,,,,,
0041800403,292,6,2,2,10:09 PM,3:13,,,Gasol S.FOUL (P3.PN) (K.Fitzgerald),,,5,201188,Marc Gasol,1610612761,Toronto,Raptors,TOR,4,203110,Draymond Green,1610612744,Golden State,Warriors,GSW,1,0,,,,,
0041800403,294,3,11,2,10:10 PM,3:13,Green Free Throw 1 of 2 (6 PTS),,,52 - 41,-11,4,203110,Draymond Green,1610612744,Golden State,Warriors,GSW,0,0,,,,,,0,0,,,,,
0041800403,295,8,0,2,10:10 PM,3:13,,,SUB: Ibaka FOR Gasol,,,5,201188,Marc Gasol,1610612761,Toronto,Raptors,TOR,5,201586,Serge Ibaka,1610612761,Toronto,Raptors,TOR,0,0,,,,,
0041800403,297,3,12,2,10:10 PM,3:13,Green Free Throw 2 of 2 (7 PTS),,,52 - 42,-10,4,203110,Draymond Green,1610612744,Golden State,Warriors,GSW,0,0,,,,,,0,0,,,,,
0041800403,298,1,1,2,10:10 PM,2:57,,,Lowry 27' 3PT Jump Shot (10 PTS) (Leonard 3 AST),55 - 42,-13,5,200768,Kyle Lowry,1610612761,Toronto,Raptors,TOR,5,202695,Kawhi Leonard,1610612761,Toronto,Raptors,TOR,0,0,,,,,
0041800403,300,6,2,2,10:10 PM,2:49,,,Lowry S.FOUL (P1.PN) (D.Guthrie),,,5,200768,Kyle Lowry,1610612761,Toronto,Raptors,TOR,4,201939,Stephen Curry,1610612744,Golden State,Warriors,GSW,1,0,,,,,
0041800403,302,3,11,2,10:11 PM,2:49,Curry Free Throw 1 of 2 (18 PTS),,,55 - 43,-12,4,201939,Stephen Curry,1610612744,Golden State,Warriors,GSW,0,0,,,,,,0,0,,,,,
0041800403,303,3,12,2,10:11 PM,2:49,Curry Free Throw 2 of 2 (19 PTS),,,55 - 44,-11,4,201939,Stephen Curry,1610612744,Golden State,Warriors,GSW,0,0,,,,,,0,0,,,,,
0041800403,304,2,63,2,10:12 PM,2:23,,,MISS Leonard 26' 3PT Fadeaway Jumper,,,5,202695,Kawhi Leonard,1610612761,Toronto,Raptors,TOR,0,0,,,,,,0,0,,,,,
0041800403,305,4,0,2,10:12 PM,2:20,Curry REBOUND (Off:2 Def:6),,,,,4,201939,Stephen Curry,1610612744,Golden State,Warriors,GSW,0,0,,,,,,0,0,,,,,
0041800403,306,1,79,2,10:12 PM,2:18,Curry 30' 3PT Pullup Jump Shot (22 PTS),,,55 - 47,-8,4,201939,Stephen Curry,1610612744,Golden State,Warriors,GSW,0,0,,,,,,0,0,,,,,
0041800403,307,2,5,2,10:12 PM,2:00,,,MISS Lowry 5' Layup,,,5,200768,Kyle Lowry,1610612761,Toronto,Raptors,TOR,0,0,,,,,,0,0,,,,,
0041800403,309,4,0,2,10:12 PM,2:00,,,Raptors Rebound,,,3,1610612761,,,,,,0,0,,,,,,0,0,,,,,
0041800403,311,6,26,2,10:13 PM,1:54,,,Ibaka Offensive Charge Foul (P2.PN) (K.Fitzgerald),,,5,201586,Serge Ibaka,1610612761,Toronto,Raptors,TOR,4,101106,Andrew Bogut,1610612744,Golden State,Warriors,GSW,1,0,,,,,
0041800403,313,5,37,2,10:13 PM,1:54,,,Ibaka Offensive Foul Turnover (P1.T7),,,5,201586,Serge Ibaka,1610612761,Toronto,Raptors,TOR,0,0,,,,,,1,0,,,,,
0041800403,314,6,1,2,10:13 PM,1:48,,,Lowry P.FOUL (P2.PN) (D.Guthrie),,,5,200768,Kyle Lowry,1610612761,Toronto,Raptors,TOR,4,201939,Stephen Curry,1610612744,Golden State,Warriors,GSW,1,0,,,,,
0041800403,316,3,11,2,10:13 PM,1:48,Curry Free Throw 1 of 2 (23 PTS),,,55 - 48,-7,4,201939,Stephen Curry,1610612744,Golden State,Warriors,GSW,0,0,,,,,,0,0,,,,,
0041800403,317,3,12,2,10:14 PM,1:48,MISS Curry Free Throw 2 of 2,,,,,4,201939,Stephen Curry,1610612744,Golden State,Warriors,GSW,0,0,,,,,,0,0,,,,,
0041800403,318,4,0,2,10:14 PM,1:46,,,Siakam REBOUND (Off:1 Def:3),,,5,1627783,Pascal Siakam,1610612761,Toronto,Raptors,TOR,0,0,,,,,,0,0,,,,,
0041800403,319,2,1,2,10:14 PM,1:31,,,MISS Siakam  3PT Jump Shot,,,5,1627783,Pascal Siakam,1610612761,Toronto,Raptors,TOR,0,0,,,,,,0,0,,,,,
0041800403,320,4,0,2,10:14 PM,1:26,Cook REBOUND (Off:0 Def:1),,,,,4,1626188,Quinn Cook,1610612744,Golden State,Warriors,GSW,0,0,,,,,,0,0,,,,,
0041800403,321,5,1,2,10:14 PM,1:21,Green Bad Pass Turnover (P3.T9),,Ibaka STEAL (1 STL),,,4,203110,Draymond Green,1610612744,Golden State,Warriors,GSW,5,201586,Serge Ibaka,1610612761,Toronto,Raptors,TOR,0,0,,,,,
0041800403,323,2,1,2,10:14 PM,1:16,,,MISS Leonard 25' 3PT Jump Shot,,,5,202695,Kawhi Leonard,1610612761,Toronto,Raptors,TOR,0,0,,,,,,0,0,,,,,
0041800403,324,4,0,2,10:14 PM,1:12,Bogut REBOUND (Off:1 Def:3),,,,,4,101106,Andrew Bogut,1610612744,Golden State,Warriors,GSW,0,0,,,,,,0,0,,,,,
0041800403,325,6,4,2,10:15 PM,1:10,Cook OFF.Foul (P2) (K.Fitzgerald),,,,,4,1626188,Quinn Cook,1610612744,Golden State,Warriors,GSW,5,200768,Kyle Lowry,1610612761,Toronto,Raptors,TOR,1,0,,,,,
0041800403,327,5,37,2,10:15 PM,1:10,Cook Offensive Foul Turnover (P1.T10),,,,,4,1626188,Quinn Cook,1610612744,Golden State,Warriors,GSW,0,0,,,,,,1,0,,,,,
0041800403,328,6,26,2,10:15 PM,0:53,,,Leonard Offensive Charge Foul (P2.PN) (K.Fitzgerald),,,5,202695,Kawhi Leonard,1610612761,Toronto,Raptors,TOR,4,203110,Draymond Green,1610612744,Golden State,Warriors,GSW,1,0,,,,,
0041800403,330,5,37,2,10:15 PM,0:53,,,Leonard Offensive Foul Turnover (P3.T8),,,5,202695,Kawhi Leonard,1610612761,Toronto,Raptors,TOR,0,0,,,,,,1,0,,,,,
0041800403,331,8,0,2,10:15 PM,0:53,SUB: Bell FOR Bogut,,,,,4,101106,Andrew Bogut,1610612744,Golden State,Warriors,GSW,4,1628395,Jordan Bell,1610612744,Golden State,Warriors,GSW,0,0,,,,,
0041800403,333,2,78,2,10:16 PM,0:45,MISS Green 9' Floating Jump Shot,,,,,4,203110,Draymond Green,1610612744,Golden State,Warriors,GSW,0,0,,,,,,0,0,,,,,
0041800403,334,4,0,2,10:16 PM,0:43,,,Siakam REBOUND (Off:1 Def:4),,,5,1627783,Pascal Siakam,1610612761,Toronto,Raptors,TOR,0,0,,,,,,0,0,,,,,
0041800403,335,1,1,2,10:16 PM,0:33,,,Lowry 27' 3PT Jump Shot (13 PTS) (Ibaka 1 AST),58 - 48,-10,5,200768,Kyle Lowry,1610612761,Toronto,Raptors,TOR,5,201586,Serge Ibaka,1610612761,Toronto,Raptors,TOR,0,0,,,,,
0041800403,337,6,1,2,10:16 PM,0:31,,,Lowry P.FOUL (P3.PN) (M.Davis),,,5,200768,Kyle Lowry,1610612761,Toronto,Raptors,TOR,4,201939,Stephen Curry,1610612744,Golden State,Warriors,GSW,1,0,,,,,
0041800403,339,3,11,2,10:16 PM,0:31,Curry Free Throw 1 of 2 (24 PTS),,,58 - 49,-9,4,201939,Stephen Curry,1610612744,Golden State,Warriors,GSW,0,0,,,,,,0,0,,,,,
0041800403,340,3,12,2,10:17 PM,0:31,Curry Free Throw 2 of 2 (25 PTS),,,58 - 50,-8,4,201939,Stephen Curry,1610612744,Golden State,Warriors,GSW,0,0,,,,,,0,0,,,,,
0041800403,341,1,6,2,10:17 PM,0:14,,,Lowry 3' Driving Layup (15 PTS),60 - 50,-10,5,200768,Kyle Lowry,1610612761,Toronto,Raptors,TOR,0,0,,,,,,0,0,,,,,
0041800403,342,1,43,2,10:17 PM,0:02,Iguodala 1' Alley Oop Layup (2 PTS) (Cook 1 AST),,,60 - 52,-8,4,2738,Andre Iguodala,1610612744,Golden State,Warriors,GSW,4,1626188,Quinn Cook,1610612744,Golden State,Warriors,GSW,0,0,,,,,
0041800403,344,13,0,2,10:17 PM,0:00,,,,60 - 52,-8,0,0,,,,,,0,0,,,,,,0,0,,,,,
0041800403,353,12,0,3,10:33 PM,12:00,,,,60 - 52,-8,0,0,,,,,,0,0,,,,,,0,0,,,,,
0041800403,354,6,2,3,10:33 PM,11:44,Cousins S.FOUL (P2.T1) (M.Davis),,,,,4,202326,DeMarcus Cousins,1610612744,Golden State,Warriors,GSW,5,201188,Marc Gasol,1610612761,Toronto,Raptors,TOR,1,0,,,,,
0041800403,356,3,11,3,10:34 PM,11:44,,,Gasol Free Throw 1 of 2 (9 PTS),61 - 52,-9,5,201188,Marc Gasol,1610612761,Toronto,Raptors,TOR,0,0,,,,,,0,0,,,,,
0041800403,357,3,12,3,10:34 PM,11:44,,,Gasol Free Throw 2 of 2 (10 PTS),62 - 52,-10,5,201188,Marc Gasol,1610612761,Toronto,Raptors,TOR,0,0,,,,,,0,0,,,,,
0041800403,358,2,5,3,10:34 PM,11:30,MISS Cousins 7' Layup,,,,,4,202326,DeMarcus Cousins,1610612744,Golden State,Warriors,GSW,0,0,,,,,,0,0,,,,,
0041800403,359,4,0,3,10:35 PM,11:29,Green REBOUND (Off:1 Def:2),,,,,4,203110,Draymond Green,1610612744,Golden State,Warriors,GSW,0,0,,,,,,0,0,,,,,
0041800403,360,2,97,3,10:35 PM,11:28,MISS Green 1' Tip Layup Shot,,,,,4,203110,Draymond Green,1610612744,Golden State,Warriors,GSW,0,0,,,,,,0,0,,,,,
0041800403,361,4,0,3,10:35 PM,11:27,,,Gasol REBOUND (Off:0 Def:3),,,5,201188,Marc Gasol,1610612761,Toronto,Raptors,TOR,0,0,,,,,,0,0,,,,,
0041800403,362,1,41,3,10:35 PM,11:22,,,Leonard 1' Running Layup (11 PTS) (Siakam 3 AST),64 - 52,-12,5,202695,Kawhi Leonard,1610612761,Toronto,Raptors,TOR,5,1627783,Pascal Siakam,1610612761,Toronto,Raptors,TOR,0,0,,,,,
0041800403,364,5,1,3,10:35 PM,11:04,Cousins Bad Pass Turnover (P3.T11),,VanVleet STEAL (2 STL),,,4,202326,DeMarcus Cousins,1610612744,Golden State,Warriors,GSW,5,1627832,Fred VanVleet,1610612761,Toronto,Raptors,TOR,0,0,,,,,
0041800403,367,1,6,3,10:35 PM,10:46,,,Gasol 2' Driving Layup (12 PTS) (Lowry 4 AST),66 - 52,-14,5,201188,Marc Gasol,1610612761,Toronto,Raptors,TOR,5,200768,Kyle Lowry,1610612761,Toronto,Raptors,TOR,0,0,,,,,
0041800403,369,1,1,3,10:36 PM,10:31,Iguodala 24' 3PT Jump Shot (5 PTS) (Green 2 AST),,,66 - 55,-11,4,2738,Andre Iguodala,1610612744,Golden State,Warriors,GSW,4,203110,Draymond Green,1610612744,Golden State,Warriors,GSW,0,0,,,,,
0041800403,372,2,1,3,10:36 PM,10:01,,,MISS VanVleet 27' 3PT Jump Shot,,,5,1627832,Fred VanVleet,1610612761,Toronto,Raptors,TOR,0,0,,,,,,0,0,,,,,
0041800403,373,4,0,3,10:36 PM,9:59,Cousins REBOUND (Off:0 Def:2),,,,,4,202326,DeMarcus Cousins,1610612744,Golden State,Warriors,GSW,0,0,,,,,,0,0,,,,,
0041800403,374,1,78,3,10:37 PM,9:49,Curry 13' Floating Jump Shot (27 PTS) (Green 3 AST),,,66 - 57,-9,4,201939,Stephen Curry,1610612744,Golden State,Warriors,GSW,4,203110,Draymond Green,1610612744,Golden State,Warriors,GSW,0,0,,,,,
0041800403,376,5,39,3,10:37 PM,9:28,,,Siakam Step Out of Bounds Turnover (P1.T9),,,5,1627783,Pascal Siakam,1610612761,Toronto,Raptors,TOR,0,0,,,,,,1,0,,,,,
0041800403,377,1,98,3,10:37 PM,9:19,Curry 2' Cutting Layup Shot (29 PTS) (Cousins 2 AST),,,66 - 59,-7,4,201939,Stephen Curry,1610612744,Golden State,Warriors,GSW,4,202326,DeMarcus Cousins,1610612744,Golden State,Warriors,GSW,0,0,,,,,
0041800403,379,5,2,3,10:38 PM,9:02,Cousins STEAL (1 STL),,Gasol Lost Ball Turnover (P1.T10),,,5,201188,Marc Gasol,1610612761,Toronto,Raptors,TOR,4,202326,DeMarcus Cousins,1610612744,Golden State,Warriors,GSW,0,0,,,,,
0041800403,381,2,5,3,10:38 PM,8:55,MISS Cousins 3' Layup,,,,,4,202326,DeMarcus Cousins,1610612744,Golden State,Warriors,GSW,0,0,,,,,,0,0,,,,,
0041800403,382,4,0,3,10:38 PM,8:54,,,Siakam REBOUND (Off:1 Def:5),,,5,1627783,Pascal Siakam,1610612761,Toronto,Raptors,TOR,0,0,,,,,,0,0,,,,,
0041800403,383,1,1,3,10:38 PM,8:45,,,Leonard 28' 3PT Jump Shot (14 PTS) (Siakam 4 AST),69 - 59,-10,5,202695,Kawhi Leonard,1610612761,Toronto,Raptors,TOR,5,1627783,Pascal Siakam,1610612761,Toronto,Raptors,TOR,0,0,,,,,
0041800403,385,1,1,3,10:38 PM,8:27,Iguodala 25' 3PT Jump Shot (8 PTS) (Livingston 2 AST),,,69 - 62,-7,4,2738,Andre Iguodala,1610612744,Golden State,Warriors,GSW,4,2733,Shaun Livingston,1610612744,Golden State,Warriors,GSW,0,0,,,,,
0041800403,387,1,1,3,10:39 PM,8:05,,,Lowry  3PT Jump Shot (18 PTS) (Gasol 1 AST),72 - 62,-10,5,200768,Kyle Lowry,1610612761,Toronto,Raptors,TOR,5,201188,Marc Gasol,1610612761,Toronto,Raptors,TOR,0,0,,,,,
0041800403,389,2,78,3,10:39 PM,7:55,MISS Curry 13' Floating Jump Shot,,,,,4,201939,Stephen Curry,1610612744,Golden State,Warriors,GSW,0,0,,,,,,0,0,,,,,
0041800403,390,4,0,3,10:39 PM,7:53,,,Lowry REBOUND (Off:0 Def:2),,,5,200768,Kyle Lowry,1610612761,Toronto,Raptors,TOR,0,0,,,,,,0,0,,,,,
0041800403,391,6,2,3,10:39 PM,7:42,Livingston S.FOUL (P2.T2) (D.Guthrie),,,,,4,2733,Shaun Livingston,1610612744,Golden State,Warriors,GSW,5,202695,Kawhi Leonard,1610612761,Toronto,Raptors,TOR,1,0,,,,,
0041800403,393,3,11,3,10:39 PM,7:42,,,MISS Leonard Free Throw 1 of 2,,,5,202695,Kawhi Leonard,1610612761,Toronto,Raptors,TOR,0,0,,,,,,0,0,,,,,
0041800403,394,4,1,3,10:39 PM,7:42,,,Raptors Rebound,,,3,1610612761,,,,,,0,0,,,,,,0,0,,,,,
0041800403,395,3,12,3,10:40 PM,7:42,,,Leonard Free Throw 2 of 2 (15 PTS),73 - 62,-11,5,202695,Kawhi Leonard,1610612761,Toronto,Raptors,TOR,0,0,,,,,,0,0,,,,,
0041800403,396,2,1,3,10:40 PM,7:31,MISS Curry 29' 3PT Jump Shot,,,,,4,201939,Stephen Curry,1610612744,Golden State,Warriors,GSW,0,0,,,,,,0,0,,,,,
0041800403,397,4,0,3,10:40 PM,7:30,,,Leonard REBOUND (Off:0 Def:4),,,5,202695,Kawhi Leonard,1610612761,Toronto,Raptors,TOR,0,0,,,,,,0,0,,,,,
0041800403,398,2,1,3,10:40 PM,7:23,,,MISS Gasol 26' 3PT Jump Shot,,,5,201188,Marc Gasol,1610612761,Toronto,Raptors,TOR,0,0,,,,,,0,0,,,,,
0041800403,399,4,0,3,10:41 PM,7:21,Iguodala REBOUND (Off:0 Def:3),,,,,4,2738,Andre Iguodala,1610612744,Golden State,Warriors,GSW,0,0,,,,,,0,0,,,,,
0041800403,400,2,5,3,10:41 PM,7:15,MISS Cousins 3' Layup,,Leonard BLOCK (1 BLK),,,4,202326,DeMarcus Cousins,1610612744,Golden State,Warriors,GSW,0,0,,,,,,5,202695,Kawhi Leonard,1610612761,Toronto,Raptors,TOR
0041800403,402,4,0,3,10:41 PM,7:14,Livingston REBOUND (Off:1 Def:0),,,,,4,2733,Shaun Livingston,1610612744,Golden State,Warriors,GSW,0,0,,,,,,0,0,,,,,
0041800403,403,2,5,3,10:41 PM,7:13,MISS Livingston 4' Layup,,,,,4,2733,Shaun Livingston,1610612744,Golden State,Warriors,GSW,0,0,,,,,,0,0,,,,,
0041800403,404,4,0,3,10:41 PM,7:12,Iguodala REBOUND (Off:1 Def:3),,,,,4,2738,Andre Iguodala,1610612744,Golden State,Warriors,GSW,0,0,,,,,,0,0,,,,,
0041800403,405,2,1,3,10:41 PM,7:08,MISS Curry 21' Jump Shot,,,,,4,201939,Stephen Curry,1610612744,Golden State,Warriors,GSW,0,0,,,,,,0,0,,,,,
0041800403,406,4,0,3,10:41 PM,7:07,,,Gasol REBOUND (Off:0 Def:4),,,5,201188,Marc Gasol,1610612761,Toronto,Raptors,TOR,0,0,,,,,,0,0,,,,,
0041800403,407,2,79,3,10:41 PM,7:00,,,MISS Leonard 26' 3PT Pullup Jump Shot,,,5,202695,Kawhi Leonard,1610612761,Toronto,Raptors,TOR,0,0,,,,,,0,0,,,,,
0041800403,408,4,0,3,10:41 PM,6:59,Livingston REBOUND (Off:1 Def:1),,,,,4,2733,Shaun Livingston,1610612744,Golden State,Warriors,GSW,0,0,,,,,,0,0,,,,,
0041800403,409,2,5,3,10:41 PM,6:49,MISS Curry 3' Layup,,Leonard BLOCK (2 BLK),,,4,201939,Stephen Curry,1610612744,Golden State,Warriors,GSW,0,0,,,,,,5,202695,Kawhi Leonard,1610612761,Toronto,Raptors,TOR
0041800403,411,4,0,3,10:41 PM,6:47,Iguodala REBOUND (Off:2 Def:3),,,,,4,2738,Andre Iguodala,1610612744,Golden State,Warriors,GSW,0,0,,,,,,0,0,,,,,
0041800403,412,1,1,3,10:41 PM,6:42,Curry  3PT Jump Shot (32 PTS) (Iguodala 2 AST),,,73 - 65,-8,4,201939,Stephen Curry,1610612744,Golden State,Warriors,GSW,4,2738,Andre Iguodala,1610612744,Golden State,Warriors,GSW,0,0,,,,,
0041800403,414,9,1,3,10:41 PM,6:30,,,Raptors Timeout: Regular (Reg.3 Short 0),,,3,1610612761,,,,,,0,0,,,,,,0,0,,,,,
0041800403,416,8,0,3,10:45 PM,6:30,SUB: Bogut FOR Cousins,,,,,4,202326,DeMarcus Cousins,1610612744,Golden State,Warriors,GSW,4,101106,Andrew Bogut,1610612744,Golden State,Warriors,GSW,0,0,,,,,
0041800403,424,8,0,3,10:45 PM,6:30,SUB: Cook FOR Livingston,,,,,4,2733,Shaun Livingston,1610612744,Golden State,Warriors,GSW,4,1626188,Quinn Cook,1610612744,Golden State,Warriors,GSW,0,0,,,,,
0041800403,418,1,79,3,10:45 PM,6:19,,,VanVleet 26' 3PT Pullup Jump Shot (6 PTS) (Gasol 2 AST),76 - 65,-11,5,1627832,Fred VanVleet,1610612761,Toronto,Raptors,TOR,5,201188,Marc Gasol,1610612761,Toronto,Raptors,TOR,0,0,,,,,
0041800403,419,1,76,3,10:45 PM,6:04,Curry 5' Running Finger Roll Layup (34 PTS),,,76 - 67,-9,4,201939,Stephen Curry,1610612744,Golden State,Warriors,GSW,0,0,,,,,,0,0,,,,,
0041800403,420,1,58,3,10:46 PM,5:45,,,Leonard 8' Turnaround Hook Shot (17 PTS),78 - 67,-11,5,202695,Kawhi Leonard,1610612761,Toronto,Raptors,TOR,0,0,,,,,,0,0,,,,,
0041800403,421,1,52,3,10:46 PM,5:35,Iguodala 1' Alley Oop Dunk (10 PTS) (Green 4 AST),,,78 - 69,-9,4,2738,Andre Iguodala,1610612744,Golden State,Warriors,GSW,4,203110,Draymond Green,1610612744,Golden State,Warriors,GSW,0,0,,,,,
0041800403,423,2,63,3,10:46 PM,5:09,,,MISS Lowry 12' Fadeaway Jumper,,,5,200768,Kyle Lowry,1610612761,Toronto,Raptors,TOR,0,0,,,,,,0,0,,,,,
0041800403,426,4,0,3,10:46 PM,5:09,Green REBOUND (Off:1 Def:3),,,,,4,203110,Draymond Green,1610612744,Golden State,Warriors,GSW,0,0,,,,,,0,0,,,,,
0041800403,427,6,1,3,10:47 PM,4:56,,,Leonard P.FOUL (P3.T1) (D.Guthrie),,,5,202695,Kawhi Leonard,1610612761,Toronto,Raptors,TOR,4,201939,Stephen Curry,1610612744,Golden State,Warriors,GSW,1,0,,,,,
0041800403,429,8,0,3,10:47 PM,4:56,,,SUB: Green FOR Lowry,,,5,200768,Kyle Lowry,1610612761,Toronto,Raptors,TOR,5,201980,Danny Green,1610612761,Toronto,Raptors,TOR,0,0,,,,,
0041800403,431,5,2,3,10:47 PM,4:49,Curry Lost Ball Turnover (P3.T12),,VanVleet STEAL (3 STL),,,4,201939,Stephen Curry,1610612744,Golden State,Warriors,GSW,5,1627832,Fred VanVleet,1610612761,Toronto,Raptors,TOR,0,0,,,,,
0041800403,433,2,5,3,10:47 PM,4:40,Bogut BLOCK (1 BLK),,MISS Siakam 3' Layup,,,5,1627783,Pascal Siakam,1610612761,Toronto,Raptors,TOR,0,0,,,,,,4,101106,Andrew Bogut,1610612744,Golden State,Warriors,GSW
0041800403,435,4,0,3,10:47 PM,4:39,Bogut REBOUND (Off:1 Def:4),,,,,4,101106,Andrew Bogut,1610612744,Golden State,Warriors,GSW,0,0,,,,,,0,0,,,,,
0041800403,436,1,41,3,10:47 PM,4:35,Green 2' Running Layup (9 PTS),,,78 - 71,-7,4,203110,Draymond Green,1610612744,Golden State,Warriors,GSW,0,0,,,,,,0,0,,,,,
0041800403,437,1,79,3,10:48 PM,4:07,,,VanVleet 18' Pullup Jump Shot (8 PTS) (Gasol 3 AST),80 - 71,-9,5,1627832,Fred VanVleet,1610612761,Toronto,Raptors,TOR,5,201188,Marc Gasol,1610612761,Toronto,Raptors,TOR,0,0,,,,,
0041800403,439,2,79,3,10:48 PM,3:48,MISS Curry 25' 3PT Pullup Jump Shot,,,,,4,201939,Stephen Curry,1610612744,Golden State,Warriors,GSW,0,0,,,,,,0,0,,,,,
0041800403,440,4,0,3,10:48 PM,3:47,Bogut REBOUND (Off:2 Def:4),,,,,4,101106,Andrew Bogut,1610612744,Golden State,Warriors,GSW,0,0,,,,,,0,0,,,,,
0041800403,441,2,1,3,10:48 PM,3:40,MISS Iguodala 28' 3PT Jump Shot,,,,,4,2738,Andre Iguodala,1610612744,Golden State,Warriors,GSW,0,0,,,,,,0,0,,,,,
0041800403,442,4,0,3,10:48 PM,3:38,,,Siakam REBOUND (Off:1 Def:6),,,5,1627783,Pascal Siakam,1610612761,Toronto,Raptors,TOR,0,0,,,,,,0,0,,,,,
0041800403,443,1,1,3,10:48 PM,3:32,,,Leonard 26' 3PT Jump Shot (20 PTS) (Siakam 5 AST),83 - 71,-12,5,202695,Kawhi Leonard,1610612761,Toronto,Raptors,TOR,5,1627783,Pascal Siakam,1610612761,Toronto,Raptors,TOR,0,0,,,,,
0041800403,445,9,1,3,10:49 PM,3:23,WARRIORS Timeout: Regular (Full 4 Short 0),,,,,2,1610612744,,,,,,0,0,,,,,,0,0,,,,,
0041800403,447,8,0,3,10:52 PM,3:23,SUB: McKinnie FOR Iguodala,,,,,4,2738,Andre Iguodala,1610612744,Golden State,Warriors,GSW,4,1628035,Alfonzo McKinnie,1610612744,Golden State,Warriors,GSW,0,0,,,,,
0041800403,448,8,0,3,10:52 PM,3:23,,,SUB: Lowry FOR Gasol,,,5,201188,Marc Gasol,1610612761,Toronto,Raptors,TOR,5,200768,Kyle Lowry,1610612761,Toronto,Raptors,TOR,0,0,,,,,
0041800403,449,8,0,3,10:52 PM,3:23,,,SUB: Ibaka FOR Siakam,,,5,1627783,Pascal Siakam,1610612761,Toronto,Raptors,TOR,5,201586,Serge Ibaka,1610612761,Toronto,Raptors,TOR,0,0,,,,,
0041800403,453,1,98,3,10:52 PM,3:15,Bogut 2' Cutting Layup Shot (4 PTS) (Curry 5 AST),,,83 - 73,-10,4,101106,Andrew Bogut,1610612744,Golden State,Warriors,GSW,4,201939,Stephen Curry,1610612744,Golden State,Warriors,GSW,0,0,,,,,
0041800403,455,2,1,3,10:53 PM,2:54,,,MISS Leonard 25' 3PT Jump Shot,,,5,202695,Kawhi Leonard,1610612761,Toronto,Raptors,TOR,0,0,,,,,,0,0,,,,,
0041800403,456,4,0,3,10:53 PM,2:52,Green REBOUND (Off:1 Def:4),,,,,4,203110,Draymond Green,1610612744,Golden State,Warriors,GSW,0,0,,,,,,0,0,,,,,
0041800403,457,1,58,3,10:53 PM,2:43,Bogut 9' Turnaround Hook Shot (6 PTS) (Curry 6 AST),,,83 - 75,-8,4,101106,Andrew Bogut,1610612744,Golden State,Warriors,GSW,4,201939,Stephen Curry,1610612744,Golden State,Warriors,GSW,0,0,,,,,
0041800403,459,6,1,3,10:53 PM,2:35,Green P.FOUL (P3.T3) (M.Davis),,,,,4,203110,Draymond Green,1610612744,Golden State,Warriors,GSW,5,200768,Kyle Lowry,1610612761,Toronto,Raptors,TOR,1,0,,,,,
0041800403,461,1,1,3,10:54 PM,2:20,,,Green 29' 3PT Jump Shot (12 PTS) (VanVleet 1 AST),86 - 75,-11,5,201980,Danny Green,1610612761,Toronto,Raptors,TOR,5,1627832,Fred VanVleet,1610612761,Toronto,Raptors,TOR,0,0,,,,,
0041800403,463,2,78,3,10:54 PM,2:06,MISS Curry 8' Floating Jump Shot,,Ibaka BLOCK (2 BLK),,,4,201939,Stephen Curry,1610612744,Golden State,Warriors,GSW,0,0,,,,,,5,201586,Serge Ibaka,1610612761,Toronto,Raptors,TOR
0041800403,465,4,0,3,10:54 PM,2:04,,,VanVleet REBOUND (Off:0 Def:2),,,5,1627832,Fred VanVleet,1610612761,Toronto,Raptors,TOR,0,0,,,,,,0,0,,,,,
0041800403,466,1,1,3,10:54 PM,1:57,,,Green  3PT Jump Shot (15 PTS) (Leonard 4 AST),89 - 75,-14,5,201980,Danny Green,1610612761,Toronto,Raptors,TOR,5,202695,Kawhi Leonard,1610612761,Toronto,Raptors,TOR,0,0,,,,,
0041800403,468,2,6,3,10:55 PM,1:43,MISS Curry 3' Driving Layup,,,,,4,201939,Stephen Curry,1610612744,Golden State,Warriors,GSW,0,0,,,,,,0,0,,,,,
0041800403,469,4,0,3,10:55 PM,1:42,Bogut REBOUND (Off:3 Def:4),,,,,4,101106,Andrew Bogut,1610612744,Golden State,Warriors,GSW,0,0,,,,,,0,0,,,,,
0041800403,470,2,97,3,10:55 PM,1:42,MISS Bogut 1' Tip Layup Shot,,,,,4,101106,Andrew Bogut,1610612744,Golden State,Warriors,GSW,0,0,,,,,,0,0,,,,,
0041800403,471,4,0,3,10:55 PM,1:40,,,Green REBOUND (Off:0 Def:5),,,5,201980,Danny Green,1610612761,Toronto,Raptors,TOR,0,0,,,,,,0,0,,,,,
0041800403,474,6,2,3,10:55 PM,1:33,McKinnie S.FOUL (P1.T4) (K.Fitzgerald),,,,,4,1628035,Alfonzo McKinnie,1610612744,Golden State,Warriors,GSW,5,202695,Kawhi Leonard,1610612761,Toronto,Raptors,TOR,1,0,,,,,
0041800403,476,3,11,3,10:55 PM,1:33,,,Leonard Free Throw 1 of 2 (21 PTS),90 - 75,-15,5,202695,Kawhi Leonard,1610612761,Toronto,Raptors,TOR,0,0,,,,,,0,0,,,,,
0041800403,477,3,12,3,10:55 PM,1:33,,,Leonard Free Throw 2 of 2 (22 PTS),91 - 75,-16,5,202695,Kawhi Leonard,1610612761,Toronto,Raptors,TOR,0,0,,,,,,0,0,,,,,
0041800403,478,1,98,3,10:56 PM,1:23,Curry 2' Cutting Layup Shot (36 PTS) (Bogut 2 AST),,,91 - 77,-14,4,201939,Stephen Curry,1610612744,Golden State,Warriors,GSW,4,101106,Andrew Bogut,1610612744,Golden State,Warriors,GSW,0,0,,,,,
0041800403,480,2,103,3,10:56 PM,1:18,,,MISS Lowry 27' 3PT Running Pull-Up Jump Shot,,,5,200768,Kyle Lowry,1610612761,Toronto,Raptors,TOR,0,0,,,,,,0,0,,,,,
0041800403,481,4,0,3,10:56 PM,1:16,,,Leonard REBOUND (Off:1 Def:4),,,5,202695,Kawhi Leonard,1610612761,Toronto,Raptors,TOR,0,0,,,,,,0,0,,,,,
0041800403,482,2,1,3,10:56 PM,1:10,,,MISS Green 24' 3PT Jump Shot,,,5,201980,Danny Green,1610612761,Toronto,Raptors,TOR,0,0,,,,,,0,0,,,,,
0041800403,483,4,0,3,10:56 PM,1:08,,,Raptors Rebound,,,3,1610612761,,,,,,0,0,,,,,,0,0,,,,,
0041800403,485,2,3,3,10:56 PM,0:59,,,MISS Ibaka 11' Hook Shot,,,5,201586,Serge Ibaka,1610612761,Toronto,Raptors,TOR,0,0,,,,,,0,0,,,,,
0041800403,486,4,0,3,10:56 PM,0:58,,,Raptors Rebound,,,3,1610612761,,,,,,0,0,,,,,,0,0,,,,,
0041800403,487,6,3,3,10:57 PM,0:58,McKinnie L.B.FOUL (P2.PN) (D.Guthrie),,,,,4,1628035,Alfonzo McKinnie,1610612744,Golden State,Warriors,GSW,5,202695,Kawhi Leonard,1610612761,Toronto,Raptors,TOR,1,0,,,,,
0041800403,489,3,11,3,10:57 PM,0:58,,,Leonard Free Throw 1 of 2 (23 PTS),92 - 77,-15,5,202695,Kawhi Leonard,1610612761,Toronto,Raptors,TOR,0,0,,,,,,0,0,,,,,
0041800403,490,8,0,3,10:57 PM,0:58,SUB: Bell FOR Bogut,,,,,4,101106,Andrew Bogut,1610612744,Golden State,Warriors,GSW,4,1628395,Jordan Bell,1610612744,Golden State,Warriors,GSW,0,0,,,,,
0041800403,492,3,12,3,10:57 PM,0:58,,,Leonard Free Throw 2 of 2 (24 PTS),93 - 77,-16,5,202695,Kawhi Leonard,1610612761,Toronto,Raptors,TOR,0,0,,,,,,0,0,,,,,
0041800403,493,1,103,3,10:57 PM,0:53,Curry 26' 3PT Running Pull-Up Jump Shot (39 PTS),,,93 - 80,-13,4,201939,Stephen Curry,1610612744,Golden State,Warriors,GSW,0,0,,,,,,0,0,,,,,
0041800403,494,2,6,3,10:58 PM,0:34,Bell BLOCK (1 BLK),,MISS Lowry 4' Driving Layup,,,5,200768,Kyle Lowry,1610612761,Toronto,Raptors,TOR,0,0,,,,,,4,1628395,Jordan Bell,1610612744,Golden State,Warriors,GSW
0041800403,496,4,0,3,10:58 PM,0:32,,,Leonard REBOUND (Off:2 Def:4),,,5,202695,Kawhi Leonard,1610612761,Toronto,Raptors,TOR,0,0,,,,,,0,0,,,,,
0041800403,497,1,79,3,10:58 PM,0:30,,,Green 27' 3PT Pullup Jump Shot (18 PTS) (Leonard 5 AST),96 - 80,-16,5,201980,Danny Green,1610612761,Toronto,Raptors,TOR,5,202695,Kawhi Leonard,1610612761,Toronto,Raptors,TOR,0,0,,,,,
0041800403,499,6,17,3,10:58 PM,0:16,,,Raptors T.Foul (Def. 3 Sec Ibaka ) (D.Guthrie),,,5,201586,Serge Ibaka,1610612761,Toronto,Raptors,TOR,0,0,,,,,,1,0,,,,,
0041800403,500,3,16,3,10:59 PM,0:16,Curry Free Throw Technical (40 PTS),,,96 - 81,-15,4,201939,Stephen Curry,1610612744,Golden State,Warriors,GSW,0,0,,,,,,0,0,,,,,
0041800403,501,8,0,3,10:59 PM,0:16,SUB: Jerebko FOR Bell,,,,,4,1628395,Jordan Bell,1610612744,Golden State,Warriors,GSW,4,201973,Jonas Jerebko,1610612744,Golden State,Warriors,GSW,0,0,,,,,
0041800403,503,1,80,3,10:59 PM,0:09,Cook 22' Step Back Jump Shot (7 PTS),,,96 - 83,-13,4,1626188,Quinn Cook,1610612744,Golden State,Warriors,GSW,0,0,,,,,,0,0,,,,,
0041800403,504,2,41,3,10:59 PM,0:02,,,MISS Lowry 7' Running Layup,,,5,200768,Kyle Lowry,1610612761,Toronto,Raptors,TOR,0,0,,,,,,0,0,,,,,
0041800403,505,4,0,3,10:59 PM,0:01,McKinnie REBOUND (Off:1 Def:2),,,,,4,1628035,Alfonzo McKinnie,1610612744,Golden State,Warriors,GSW,0,0,,,,,,0,0,,,,,
0041800403,506,13,0,3,11:01 PM,0:00,,,,96 - 83,-13,0,0,,,,,,0,0,,,,,,0,0,,,,,
0041800403,515,12,0,4,11:03 PM,12:00,,,,96 - 83,-13,0,0,,,,,,0,0,,,,,,0,0,,,,,
0041800403,516,6,2,4,11:03 PM,11:44,,,Green S.FOUL (P4.T1) (D.Guthrie),,,5,201980,Danny Green,1610612761,Toronto,Raptors,TOR,4,2738,Andre Iguodala,1610612744,Golden State,Warriors,GSW,1,0,,,,,
0041800403,518,3,11,4,11:04 PM,11:44,Iguodala Free Throw 1 of 2 (11 PTS),,,96 - 84,-12,4,2738,Andre Iguodala,1610612744,Golden State,Warriors,GSW,0,0,,,,,,0,0,,,,,
0041800403,519,3,12,4,11:04 PM,11:44,MISS Iguodala Free Throw 2 of 2,,,,,4,2738,Andre Iguodala,1610612744,Golden State,Warriors,GSW,0,0,,,,,,0,0,,,,,
0041800403,520,4,0,4,11:04 PM,11:41,,,Lowry REBOUND (Off:0 Def:3),,,5,200768,Kyle Lowry,1610612761,Toronto,Raptors,TOR,0,0,,,,,,0,0,,,,,
0041800403,521,2,1,4,11:04 PM,11:29,,,MISS Green 26' 3PT Jump Shot,,,5,201980,Danny Green,1610612761,Toronto,Raptors,TOR,0,0,,,,,,0,0,,,,,
0041800403,522,4,0,4,11:04 PM,11:27,Iguodala REBOUND (Off:2 Def:4),,,,,4,2738,Andre Iguodala,1610612744,Golden State,Warriors,GSW,0,0,,,,,,0,0,,,,,
0041800403,523,1,1,4,11:04 PM,11:22,Cook 19' Jump Shot (9 PTS) (Iguodala 3 AST),,,96 - 86,-10,4,1626188,Quinn Cook,1610612744,Golden State,Warriors,GSW,4,2738,Andre Iguodala,1610612744,Golden State,Warriors,GSW,0,0,,,,,
0041800403,525,2,3,4,11:05 PM,11:07,Bell BLOCK (2 BLK),,MISS Ibaka 5' Hook Shot,,,5,201586,Serge Ibaka,1610612761,Toronto,Raptors,TOR,0,0,,,,,,4,1628395,Jordan Bell,1610612744,Golden State,Warriors,GSW
0041800403,527,4,0,4,11:05 PM,11:06,Cousins REBOUND (Off:0 Def:3),,,,,4,202326,DeMarcus Cousins,1610612744,Golden State,Warriors,GSW,0,0,,,,,,0,0,,,,,
0041800403,528,2,41,4,11:05 PM,11:02,MISS Cook 2' Running Layup,,Green BLOCK (1 BLK),,,4,1626188,Quinn Cook,1610612744,Golden State,Warriors,GSW,0,0,,,,,,5,201980,Danny Green,1610612761,Toronto,Raptors,TOR
0041800403,530,4,0,4,11:05 PM,11:00,,,Siakam REBOUND (Off:1 Def:7),,,5,1627783,Pascal Siakam,1610612761,Toronto,Raptors,TOR,0,0,,,,,,0,0,,,,,
0041800403,554,5,2,4,11:05 PM,10:46,Cook STEAL (1 STL),,Siakam Lost Ball Turnover (P2.T11),,,5,1627783,Pascal Siakam,1610612761,Toronto,Raptors,TOR,4,1626188,Quinn Cook,1610612744,Golden State,Warriors,GSW,0,0,,,,,
0041800403,534,2,41,4,11:05 PM,10:38,MISS Cook 2' Running Layup,,Ibaka BLOCK (3 BLK),,,4,1626188,Quinn Cook,1610612744,Golden State,Warriors,GSW,0,0,,,,,,5,201586,Serge Ibaka,1610612761,Toronto,Raptors,TOR
0041800403,536,4,0,4,11:05 PM,10:37,WARRIORS Rebound,,,,,2,1610612744,,,,,,0,0,,,,,,0,0,,,,,
0041800403,538,6,2,4,11:06 PM,10:30,,,Ibaka S.FOUL (P3.T2) (M.Davis),,,5,201586,Serge Ibaka,1610612761,Toronto,Raptors,TOR,4,201939,Stephen Curry,1610612744,Golden State,Warriors,GSW,1,0,,,,,
0041800403,540,3,13,4,11:07 PM,10:30,Curry Free Throw 1 of 3 (41 PTS),,,96 - 87,-9,4,201939,Stephen Curry,1610612744,Golden State,Warriors,GSW,0,0,,,,,,0,0,,,,,
0041800403,541,3,14,4,11:07 PM,10:30,Curry Free Throw 2 of 3 (42 PTS),,,96 - 88,-8,4,201939,Stephen Curry,1610612744,Golden State,Warriors,GSW,0,0,,,,,,0,0,,,,,
0041800403,542,3,15,4,11:07 PM,10:30,Curry Free Throw 3 of 3 (43 PTS),,,96 - 89,-7,4,201939,Stephen Curry,1610612744,Golden State,Warriors,GSW,0,0,,,,,,0,0,,,,,
0041800403,543,1,1,4,11:08 PM,10:19,,,Ibaka 19' Jump Shot (4 PTS) (Lowry 5 AST),98 - 89,-9,5,201586,Serge Ibaka,1610612761,Toronto,Raptors,TOR,5,200768,Kyle Lowry,1610612761,Toronto,Raptors,TOR,0,0,,,,,
0041800403,545,2,1,4,11:08 PM,10:05,MISS Iguodala 25' 3PT Jump Shot,,,,,4,2738,Andre Iguodala,1610612744,Golden State,Warriors,GSW,0,0,,,,,,0,0,,,,,
0041800403,546,4,0,4,11:08 PM,10:03,,,Ibaka REBOUND (Off:0 Def:2),,,5,201586,Serge Ibaka,1610612761,Toronto,Raptors,TOR,0,0,,,,,,0,0,,,,,
0041800403,547,2,1,4,11:08 PM,9:41,,,MISS Green 27' 3PT Jump Shot,,,5,201980,Danny Green,1610612761,Toronto,Raptors,TOR,0,0,,,,,,0,0,,,,,
0041800403,548,4,0,4,11:08 PM,9:39,,,Ibaka REBOUND (Off:1 Def:2),,,5,201586,Serge Ibaka,1610612761,Toronto,Raptors,TOR,0,0,,,,,,0,0,,,,,
0041800403,549,1,3,4,11:08 PM,9:36,,,Ibaka 5' Hook Shot (6 PTS),100 - 89,-11,5,201586,Serge Ibaka,1610612761,Toronto,Raptors,TOR,0,0,,,,,,0,0,,,,,
0041800403,550,2,5,4,11:09 PM,9:29,MISS Cousins 3' Layup,,,,,4,202326,DeMarcus Cousins,1610612744,Golden State,Warriors,GSW,0,0,,,,,,0,0,,,,,
0041800403,552,4,0,4,11:09 PM,9:28,,,Ibaka REBOUND (Off:1 Def:3),,,5,201586,Serge Ibaka,1610612761,Toronto,Raptors,TOR,0,0,,,,,,0,0,,,,,
0041800403,553,9,1,4,11:09 PM,9:21,,,Raptors Timeout: Regular (Reg.4 Short 0),,,3,1610612761,,,,,,0,0,,,,,,0,0,,,,,
0041800403,556,8,0,4,11:12 PM,9:21,SUB: Green FOR Cousins,,,,,4,202326,DeMarcus Cousins,1610612744,Golden State,Warriors,GSW,4,203110,Draymond Green,1610612744,Golden State,Warriors,GSW,0,0,,,,,
0041800403,558,6,1,4,11:13 PM,9:13,Bell P.FOUL (P2.T1) (D.Guthrie),,,,,4,1628395,Jordan Bell,1610612744,Golden State,Warriors,GSW,5,200768,Kyle Lowry,1610612761,Toronto,Raptors,TOR,1,0,,,,,
0041800403,560,2,79,4,11:13 PM,9:01,,,MISS Lowry 27' 3PT Pullup Jump Shot,,,5,200768,Kyle Lowry,1610612761,Toronto,Raptors,TOR,0,0,,,,,,0,0,,,,,
0041800403,561,4,0,4,11:13 PM,9:01,Green REBOUND (Off:1 Def:5),,,,,4,203110,Draymond Green,1610612744,Golden State,Warriors,GSW,0,0,,,,,,0,0,,,,,
0041800403,562,5,1,4,11:13 PM,8:52,Green Bad Pass Turnover (P4.T13),,Ibaka STEAL (2 STL),,,4,203110,Draymond Green,1610612744,Golden State,Warriors,GSW,5,201586,Serge Ibaka,1610612761,Toronto,Raptors,TOR,0,0,,,,,
0041800403,564,1,50,4,11:13 PM,8:49,,,Siakam 1' Running Dunk (16 PTS) (VanVleet 2 AST),102 - 89,-13,5,1627783,Pascal Siakam,1610612761,Toronto,Raptors,TOR,5,1627832,Fred VanVleet,1610612761,Toronto,Raptors,TOR,0,0,,,,,
0041800403,566,2,1,4,11:14 PM,8:31,MISS Cook 26' 3PT Jump Shot,,,,,4,1626188,Quinn Cook,1610612744,Golden State,Warriors,GSW,0,0,,,,,,0,0,,,,,
0041800403,567,4,0,4,11:14 PM,8:28,,,Siakam REBOUND (Off:1 Def:8),,,5,1627783,Pascal Siakam,1610612761,Toronto,Raptors,TOR,0,0,,,,,,0,0,,,,,
0041800403,568,2,6,4,11:14 PM,8:18,,,MISS Siakam 4' Driving Layup,,,5,1627783,Pascal Siakam,1610612761,Toronto,Raptors,TOR,0,0,,,,,,0,0,,,,,
0041800403,569,4,0,4,11:14 PM,8:16,Bell REBOUND (Off:0 Def:1),,,,,4,1628395,Jordan Bell,1610612744,Golden State,Warriors,GSW,0,0,,,,,,0,0,,,,,
0041800403,570,1,79,4,11:14 PM,8:01,Curry 12' Pullup Jump Shot (45 PTS),,,102 - 91,-11,4,201939,Stephen Curry,1610612744,Golden State,Warriors,GSW,0,0,,,,,,0,0,,,,,
0041800403,571,1,80,4,11:15 PM,7:33,,,Lowry 26' 3PT Step Back Jump Shot (21 PTS) (Siakam 6 AST),105 - 91,-14,5,200768,Kyle Lowry,1610612761,Toronto,Raptors,TOR,5,1627783,Pascal Siakam,1610612761,Toronto,Raptors,TOR,0,0,,,,,
0041800403,573,2,78,4,11:15 PM,7:16,MISS Curry 11' Floating Jump Shot,,,,,4,201939,Stephen Curry,1610612744,Golden State,Warriors,GSW,0,0,,,,,,0,0,,,,,
0041800403,574,4,0,4,11:15 PM,7:15,,,Lowry REBOUND (Off:0 Def:4),,,5,200768,Kyle Lowry,1610612761,Toronto,Raptors,TOR,0,0,,,,,,0,0,,,,,
0041800403,575,6,1,4,11:15 PM,7:11,Green P.FOUL (P4.T2) (D.Guthrie),,,,,4,203110,Draymond Green,1610612744,Golden State,Warriors,GSW,5,1627783,Pascal Siakam,1610612761,Toronto,Raptors,TOR,1,0,,,,,
0041800403,577,8,0,4,11:16 PM,7:11,SUB: McKinnie FOR Iguodala,,,,,4,2738,Andre Iguodala,1610612744,Golden State,Warriors,GSW,4,1628035,Alfonzo McKinnie,1610612744,Golden State,Warriors,GSW,0,0,,,,,
0041800403,578,8,0,4,11:16 PM,7:11,,,SUB: Leonard FOR Siakam,,,5,1627783,Pascal Siakam,1610612761,Toronto,Raptors,TOR,5,202695,Kawhi Leonard,1610612761,Toronto,Raptors,TOR,0,0,,,,,
0041800403,583,6,1,4,11:16 PM,6:58,McKinnie P.FOUL (P3.T3) (K.Fitzgerald),,,,,4,1628035,Alfonzo McKinnie,1610612744,Golden State,Warriors,GSW,5,201586,Serge Ibaka,1610612761,Toronto,Raptors,TOR,1,0,,,,,
0041800403,585,8,0,4,11:17 PM,6:58,SUB: Bogut FOR Bell,,,,,4,1628395,Jordan Bell,1610612744,Golden State,Warriors,GSW,4,101106,Andrew Bogut,1610612744,Golden State,Warriors,GSW,0,0,,,,,
0041800403,587,1,63,4,11:17 PM,6:48,,,Lowry 16' Fadeaway Jumper (23 PTS),107 - 91,-16,5,200768,Kyle Lowry,1610612761,Toronto,Raptors,TOR,0,0,,,,,,0,0,,,,,
0041800403,588,1,1,4,11:17 PM,6:33,Green 26' 3PT Jump Shot (12 PTS) (Cook 2 AST),,,107 - 94,-13,4,203110,Draymond Green,1610612744,Golden State,Warriors,GSW,4,1626188,Quinn Cook,1610612744,Golden State,Warriors,GSW,0,0,,,,,
0041800403,590,1,79,4,11:18 PM,6:11,,,Leonard 14' Pullup Jump Shot (26 PTS) (Lowry 6 AST),109 - 94,-15,5,202695,Kawhi Leonard,1610612761,Toronto,Raptors,TOR,5,200768,Kyle Lowry,1610612761,Toronto,Raptors,TOR,0,0,,,,,
0041800403,592,5,1,4,11:18 PM,5:54,Cook Bad Pass Turnover (P2.T14),,Leonard STEAL (2 STL),,,4,1626188,Quinn Cook,1610612744,Golden State,Warriors,GSW,5,202695,Kawhi Leonard,1610612761,Toronto,Raptors,TOR,0,0,,,,,
0041800403,594,1,6,4,11:18 PM,5:42,,,Leonard 3' Driving Layup (28 PTS),111 - 94,-17,5,202695,Kawhi Leonard,1610612761,Toronto,Raptors,TOR,0,0,,,,,,0,0,,,,,
0041800403,595,9,1,4,11:18 PM,5:41,WARRIORS Timeout: Regular (Full 5 Short 0),,,,,2,1610612744,,,,,,0,0,,,,,,0,0,,,,,
0041800403,596,8,0,4,11:22 PM,5:41,SUB: Jerebko FOR Cook,,,,,4,1626188,Quinn Cook,1610612744,Golden State,Warriors,GSW,4,201973,Jonas Jerebko,1610612744,Golden State,Warriors,GSW,0,0,,,,,
0041800403,598,2,75,4,11:22 PM,5:31,MISS Jerebko 5' Driving Finger Roll Layup,,Ibaka BLOCK (4 BLK),,,4,201973,Jonas Jerebko,1610612744,Golden State,Warriors,GSW,0,0,,,,,,5,201586,Serge Ibaka,1610612761,Toronto,Raptors,TOR
0041800403,600,4,0,4,11:22 PM,5:30,WARRIORS Rebound,,,,,2,1610612744,,,,,,0,0,,,,,,0,0,,,,,
0041800403,602,2,80,4,11:23 PM,5:27,MISS Curry 26' 3PT Step Back Jump Shot,,,,,4,201939,Stephen Curry,1610612744,Golden State,Warriors,GSW,0,0,,,,,,0,0,,,,,
0041800403,603,4,0,4,11:23 PM,5:27,Jerebko REBOUND (Off:1 Def:0),,,,,4,201973,Jonas Jerebko,1610612744,Golden State,Warriors,GSW,0,0,,,,,,0,0,,,,,
0041800403,604,1,1,4,11:23 PM,5:23,Green 27' 3PT Jump Shot (15 PTS) (Jerebko 1 AST),,,111 - 97,-14,4,203110,Draymond Green,1610612744,Golden State,Warriors,GSW,4,201973,Jonas Jerebko,1610612744,Golden State,Warriors,GSW,0,0,,,,,
0041800403,606,1,1,4,11:23 PM,5:01,,,Leonard 10' Jump Shot (30 PTS) (Lowry 7 AST),113 - 97,-16,5,202695,Kawhi Leonard,1610612761,Toronto,Raptors,TOR,5,200768,Kyle Lowry,1610612761,Toronto,Raptors,TOR,0,0,,,,,
0041800403,608,2,101,4,11:23 PM,4:50,MISS Curry 8' Driving Floating Jump Shot,,Ibaka BLOCK (5 BLK),,,4,201939,Stephen Curry,1610612744,Golden State,Warriors,GSW,0,0,,,,,,5,201586,Serge Ibaka,1610612761,Toronto,Raptors,TOR
0041800403,610,4,0,4,11:23 PM,4:49,WARRIORS Rebound,,,,,2,1610612744,,,,,,0,0,,,,,,0,0,,,,,
0041800403,612,2,1,4,11:24 PM,4:41,MISS McKinnie  3PT Jump Shot,,,,,4,1628035,Alfonzo McKinnie,1610612744,Golden State,Warriors,GSW,0,0,,,,,,0,0,,,,,
0041800403,613,4,0,4,11:24 PM,4:37,,,Leonard REBOUND (Off:2 Def:5),,,5,202695,Kawhi Leonard,1610612761,Toronto,Raptors,TOR,0,0,,,,,,0,0,,,,,
0041800403,614,2,6,4,11:24 PM,4:28,,,MISS Leonard 3' Driving Layup,,,5,202695,Kawhi Leonard,1610612761,Toronto,Raptors,TOR,0,0,,,,,,0,0,,,,,
0041800403,615,4,0,4,11:24 PM,4:28,Green REBOUND (Off:1 Def:6),,,,,4,203110,Draymond Green,1610612744,Golden State,Warriors,GSW,0,0,,,,,,0,0,,,,,
0041800403,616,2,41,4,11:24 PM,4:24,MISS Jerebko 4' Running Layup,,Lowry BLOCK (1 BLK),,,4,201973,Jonas Jerebko,1610612744,Golden State,Warriors,GSW,0,0,,,,,,5,200768,Kyle Lowry,1610612761,Toronto,Raptors,TOR
0041800403,618,4,0,4,11:24 PM,4:23,WARRIORS Rebound,,,,,2,1610612744,,,,,,0,0,,,,,,0,0,,,,,
0041800403,620,1,1,4,11:24 PM,4:16,Jerebko 28' 3PT Jump Shot (3 PTS) (Curry 7 AST),,,113 - 100,-13,4,201973,Jonas Jerebko,1610612744,Golden State,Warriors,GSW,4,201939,Stephen Curry,1610612744,Golden State,Warriors,GSW,0,0,,,,,
0041800403,622,5,2,4,11:25 PM,3:52,Bogut STEAL (1 STL),,Leonard Lost Ball Turnover (P4.T12),,,5,202695,Kawhi Leonard,1610612761,Toronto,Raptors,TOR,4,101106,Andrew Bogut,1610612744,Golden State,Warriors,GSW,0,0,,,,,
0041800403,624,2,41,4,11:25 PM,3:49,MISS Green 4' Running Layup,,Ibaka BLOCK (6 BLK),,,4,203110,Draymond Green,1610612744,Golden State,Warriors,GSW,0,0,,,,,,5,201586,Serge Ibaka,1610612761,Toronto,Raptors,TOR
0041800403,625,4,0,4,11:25 PM,3:48,Jerebko REBOUND (Off:2 Def:0),,,,,4,201973,Jonas Jerebko,1610612744,Golden State,Warriors,GSW,0,0,,,,,,0,0,,,,,
0041800403,626,6,2,4,11:25 PM,3:47,,,VanVleet S.FOUL (P3.T3) (D.Guthrie),,,5,1627832,Fred VanVleet,1610612761,Toronto,Raptors,TOR,4,201973,Jonas Jerebko,1610612744,Golden State,Warriors,GSW,1,0,,,,,
0041800403,628,3,11,4,11:25 PM,3:47,Jerebko Free Throw 1 of 2 (4 PTS),,,113 - 101,-12,4,201973,Jonas Jerebko,1610612744,Golden State,Warriors,GSW,0,0,,,,,,0,0,,,,,
0041800403,629,9,1,4,11:25 PM,3:47,,,Raptors Timeout: Regular (Reg.5 Short 0),,,3,1610612761,,,,,,0,0,,,,,,0,0,,,,,
0041800403,631,3,12,4,11:27 PM,3:47,MISS Jerebko Free Throw 2 of 2,,,,,4,201973,Jonas Jerebko,1610612744,Golden State,Warriors,GSW,0,0,,,,,,0,0,,,,,
0041800403,632,4,0,4,11:27 PM,3:45,,,Ibaka REBOUND (Off:1 Def:4),,,5,201586,Serge Ibaka,1610612761,Toronto,Raptors,TOR,0,0,,,,,,0,0,,,,,
0041800403,633,5,2,4,11:27 PM,3:42,Green STEAL (2 STL),,Ibaka Lost Ball Turnover (P2.T13),,,5,201586,Serge Ibaka,1610612761,Toronto,Raptors,TOR,4,203110,Draymond Green,1610612744,Golden State,Warriors,GSW,0,0,,,,,
0041800403,635,6,2,4,11:28 PM,3:41,,,Ibaka S.FOUL (P4.T4) (D.Guthrie),,,5,201586,Serge Ibaka,1610612761,Toronto,Raptors,TOR,4,1628035,Alfonzo McKinnie,1610612744,Golden State,Warriors,GSW,1,0,,,,,
0041800403,637,3,10,4,11:28 PM,3:41,MISS McKinnie Free Throw 1 of 1,,,,,4,1628035,Alfonzo McKinnie,1610612744,Golden State,Warriors,GSW,0,0,,,,,,0,0,,,,,
0041800403,638,4,0,4,11:28 PM,3:41,WARRIORS Rebound,,,,,2,1610612744,,,,,,0,0,,,,,,0,0,,,,,
0041800403,702,5,15,4,11:28 PM,3:41,Bogut Offensive Goaltending Turnover (P1.T15),,,,,4,101106,Andrew Bogut,1610612744,Golden State,Warriors,GSW,0,0,,,,,,1,0,,,,,
0041800403,639,8,0,4,11:28 PM,3:41,,,SUB: Gasol FOR Ibaka,,,5,201586,Serge Ibaka,1610612761,Toronto,Raptors,TOR,5,201188,Marc Gasol,1610612761,Toronto,Raptors,TOR,0,0,,,,,
0041800403,644,5,1,4,11:29 PM,3:30,Curry STEAL (1 STL),,Lowry Bad Pass Turnover (P3.T14),,,5,200768,Kyle Lowry,1610612761,Toronto,Raptors,TOR,4,201939,Stephen Curry,1610612744,Golden State,Warriors,GSW,0,0,,,,,
0041800403,646,6,1,4,11:29 PM,3:27,,,Green P.FOUL (P5.PN) (K.Fitzgerald),,,5,201980,Danny Green,1610612761,Toronto,Raptors,TOR,4,201939,Stephen Curry,1610612744,Golden State,Warriors,GSW,1,0,,,,,
0041800403,648,3,11,4,11:30 PM,3:27,Curry Free Throw 1 of 2 (46 PTS),,,113 - 102,-11,4,201939,Stephen Curry,1610612744,Golden State,Warriors,GSW,0,0,,,,,,0,0,,,,,
0041800403,649,8,0,4,11:30 PM,3:27,,,SUB: Siakam FOR Green,,,5,201980,Danny Green,1610612761,Toronto,Raptors,TOR,5,1627783,Pascal Siakam,1610612761,Toronto,Raptors,TOR,0,0,,,,,
0041800403,651,3,12,4,11:30 PM,3:27,Curry Free Throw 2 of 2 (47 PTS),,,113 - 103,-10,4,201939,Stephen Curry,1610612744,Golden State,Warriors,GSW,0,0,,,,,,0,0,,,,,
0041800403,652,1,58,4,11:30 PM,3:02,,,Gasol 8' Turnaround Hook Shot (14 PTS) (Lowry 8 AST),115 - 103,-12,5,201188,Marc Gasol,1610612761,Toronto,Raptors,TOR,5,200768,Kyle Lowry,1610612761,Toronto,Raptors,TOR,0,0,,,,,
0041800403,654,2,1,4,11:31 PM,2:52,MISS Jerebko 25' 3PT Jump Shot,,,,,4,201973,Jonas Jerebko,1610612744,Golden State,Warriors,GSW,0,0,,,,,,0,0,,,,,
0041800403,655,4,0,4,11:31 PM,2:48,,,Gasol REBOUND (Off:0 Def:5),,,5,201188,Marc Gasol,1610612761,Toronto,Raptors,TOR,0,0,,,,,,0,0,,,,,
0041800403,656,5,2,4,11:31 PM,2:48,Curry STEAL (2 STL),,Gasol Lost Ball Turnover (P2.T15),,,5,201188,Marc Gasol,1610612761,Toronto,Raptors,TOR,4,201939,Stephen Curry,1610612744,Golden State,Warriors,GSW,0,0,,,,,
0041800403,658,2,1,4,11:31 PM,2:47,MISS Curry 25' 3PT Jump Shot,,,,,4,201939,Stephen Curry,1610612744,Golden State,Warriors,GSW,0,0,,,,,,0,0,,,,,
0041800403,659,4,0,4,11:31 PM,2:47,WARRIORS Rebound,,,,,2,1610612744,,,,,,0,0,,,,,,0,0,,,,,
0041800403,660,10,0,4,11:32 PM,2:38,Jump Ball Curry vs. Lowry: Tip to Green,,,,,4,201939,Stephen Curry,1610612744,Golden State,Warriors,GSW,5,200768,Kyle Lowry,1610612761,Toronto,Raptors,TOR,4,203110,Draymond Green,1610612744,Golden State,Warriors,GSW
0041800403,663,1,6,4,11:32 PM,2:28,Green 2' Driving Layup (17 PTS) (Bogut 3 AST),,,115 - 105,-10,4,203110,Draymond Green,1610612744,Golden State,Warriors,GSW,4,101106,Andrew Bogut,1610612744,Golden State,Warriors,GSW,0,0,,,,,
0041800403,664,2,1,4,11:33 PM,2:03,,,MISS VanVleet  3PT Jump Shot,,,5,1627832,Fred VanVleet,1610612761,Toronto,Raptors,TOR,0,0,,,,,,0,0,,,,,
0041800403,665,4,0,4,11:33 PM,2:00,,,VanVleet REBOUND (Off:1 Def:2),,,5,1627832,Fred VanVleet,1610612761,Toronto,Raptors,TOR,0,0,,,,,,0,0,,,,,
0041800403,666,6,1,4,11:33 PM,1:53,McKinnie P.FOUL (P4.T4) (K.Fitzgerald),,,,,4,1628035,Alfonzo McKinnie,1610612744,Golden State,Warriors,GSW,5,200768,Kyle Lowry,1610612761,Toronto,Raptors,TOR,1,0,,,,,
0041800403,668,1,1,4,11:34 PM,1:39,,,VanVleet 28' 3PT Jump Shot (11 PTS) (Leonard 6 AST),118 - 105,-13,5,1627832,Fred VanVleet,1610612761,Toronto,Raptors,TOR,5,202695,Kawhi Leonard,1610612761,Toronto,Raptors,TOR,0,0,,,,,
0041800403,670,9,1,4,11:34 PM,1:37,WARRIORS Timeout: Regular (Full 6 Short 0),,,,,2,1610612744,,,,,,0,0,,,,,,0,0,,,,,
0041800403,672,8,0,4,11:36 PM,1:37,SUB: Evans FOR Bogut,,,,,4,101106,Andrew Bogut,1610612744,Golden State,Warriors,GSW,4,1628980,Jacob Evans,1610612744,Golden State,Warriors,GSW,0,0,,,,,
0041800403,673,8,0,4,11:36 PM,1:37,SUB: Jones FOR Green,,,,,4,203110,Draymond Green,1610612744,Golden State,Warriors,GSW,4,1627745,Damian Jones,1610612744,Golden State,Warriors,GSW,0,0,,,,,
0041800403,674,8,0,4,11:36 PM,1:37,SUB: Bell FOR Curry,,,,,4,201939,Stephen Curry,1610612744,Golden State,Warriors,GSW,4,1628395,Jordan Bell,1610612744,Golden State,Warriors,GSW,0,0,,,,,
0041800403,678,2,79,4,11:36 PM,1:24,MISS Evans 20' Pullup Jump Shot,,,,,4,1628980,Jacob Evans,1610612744,Golden State,Warriors,GSW,0,0,,,,,,0,0,,,,,
0041800403,679,4,0,4,11:36 PM,1:24,Bell REBOUND (Off:1 Def:1),,,,,4,1628395,Jordan Bell,1610612744,Golden State,Warriors,GSW,0,0,,,,,,0,0,,,,,
0041800403,680,1,107,4,11:36 PM,1:22,Bell 1' Tip Dunk Shot (2 PTS),,,118 - 107,-11,4,1628395,Jordan Bell,1610612744,Golden State,Warriors,GSW,0,0,,,,,,0,0,,,,,
0041800403,681,1,1,4,11:37 PM,1:07,,,Gasol 26' 3PT Jump Shot (17 PTS) (Lowry 9 AST),121 - 107,-14,5,201188,Marc Gasol,1610612761,Toronto,Raptors,TOR,5,200768,Kyle Lowry,1610612761,Toronto,Raptors,TOR,0,0,,,,,
0041800403,683,6,2,4,11:37 PM,0:51,,,Gasol S.FOUL (P4.PN) (K.Fitzgerald),,,5,201188,Marc Gasol,1610612761,Toronto,Raptors,TOR,4,201973,Jonas Jerebko,1610612744,Golden State,Warriors,GSW,1,0,,,,,
0041800403,685,3,11,4,11:37 PM,0:51,Jerebko Free Throw 1 of 2 (5 PTS),,,121 - 108,-13,4,201973,Jonas Jerebko,1610612744,Golden State,Warriors,GSW,0,0,,,,,,0,0,,,,,
0041800403,686,8,0,4,11:37 PM,0:51,,,SUB: Meeks FOR Leonard,,,5,202695,Kawhi Leonard,1610612761,Toronto,Raptors,TOR,5,201975,Jodie Meeks,1610612761,Toronto,Raptors,TOR,0,0,,,,,
0041800403,687,8,0,4,11:37 PM,0:51,,,SUB: Lin FOR Lowry,,,5,200768,Kyle Lowry,1610612761,Toronto,Raptors,TOR,5,202391,Jeremy Lin,1610612761,Toronto,Raptors,TOR,0,0,,,,,
0041800403,688,8,0,4,11:37 PM,0:51,,,SUB: Miller FOR VanVleet,,,5,1627832,Fred VanVleet,1610612761,Toronto,Raptors,TOR,5,1626259,Malcolm Miller,1610612761,Toronto,Raptors,TOR,0,0,,,,,
0041800403,692,3,12,4,11:38 PM,0:51,Jerebko Free Throw 2 of 2 (6 PTS),,,121 - 109,-12,4,201973,Jonas Jerebko,1610612744,Golden State,Warriors,GSW,0,0,,,,,,0,0,,,,,
0041800403,693,1,98,4,11:38 PM,0:38,,,Siakam 5' Cutting Layup Shot (18 PTS) (Gasol 4 AST),123 - 109,-14,5,1627783,Pascal Siakam,1610612761,Toronto,Raptors,TOR,5,201188,Marc Gasol,1610612761,Toronto,Raptors,TOR,0,0,,,,,
0041800403,695,2,101,4,11:38 PM,0:29,MISS Evans 10' Driving Floating Jump Shot,,,,,4,1628980,Jacob Evans,1610612744,Golden State,Warriors,GSW,0,0,,,,,,0,0,,,,,
0041800403,696,4,0,4,11:38 PM,0:27,,,Gasol REBOUND (Off:0 Def:6),,,5,201188,Marc Gasol,1610612761,Toronto,Raptors,TOR,0,0,,,,,,0,0,,,,,
0041800403,697,5,11,4,11:38 PM,0:04,,,Raptors Turnover: Shot Clock (T#16),,,3,1610612761,,,,,,0,0,,,,,,1,0,,,,,
0041800403,698,2,79,4,11:39 PM,0:01,MISS Evans 28' 3PT Pullup Jump Shot,,,,,4,1628980,Jacob Evans,1610612744,Golden State,Warriors,GSW,0,0,,,,,,0,0,,,,,
0041800403,699,4,0,4,11:39 PM,0:00,,,Gasol REBOUND (Off:0 Def:7),,,5,201188,Marc Gasol,1610612761,Toronto,Raptors,TOR,0,0,,,,,,0,0,,,,,
0041800403,700,13,0,4,11:39 PM,0:00,,,,123 - 109,-14,0,0,,,,,,0,0,,,,,,0,0,,,,,
